-8984.626377878463,14.529000000000213,1
-898.0148437758731,12.529000000000158,2
-787.6330459033659,10.545000000000105,3
-342.6111652618845,10.529000000000105,4
-229.67337076571047,12.513000000000158,5
-223.23227424607532,14.513000000000211,6
-219.3882842683011,10.513000000000105,7
-212.77643301947353,16.513000000000265,8
-201.97952013611376,18.51300000000032,9
-161.5961499976011,10.497000000000103,10
-130.21645434454413,12.497000000000158,11
-128.04609603099468,10.481000000000103,12
-110.89227575607207,14.497000000000211,13
-106.12460719291722,10.465000000000103,14
-97.29705051313482,16.497000000000266,15
-90.67553770844223,10.449000000000103,16
-90.10884281323086,12.481000000000156,17
-87.07304271191742,18.49700000000032,18
-79.19860800815567,10.433000000000101,19
-72.76973996110401,14.481000000000211,20
-70.33447849451392,10.417000000000101,21
-68.41434879981965,12.465000000000156,22
-63.280590489825855,10.401000000000101,23
-61.995122040396886,16.481000000000265,24
-57.53257519474258,10.385000000000101,25
-54.80649906456818,12.449000000000156,26
-54.42929955957586,18.481000000000318,27
-53.56040696055597,14.465000000000211,28
-52.757533321943235,10.3690000000001,29
-48.72687471888906,10.3530000000001,30
-45.46425020602152,12.433000000000156,31
-45.2784309699836,10.3370000000001,32
-44.870290577507724,16.465000000000266,33
-42.29396348509562,10.3210000000001,34
-41.97483709663774,14.44900000000021,35
-39.685231420361646,10.305000000000097,36
-38.979652604514555,18.46500000000032,37
-38.64618525481841,12.417000000000156,38
-37.38504552872046,10.289000000000097,39
-35.34134339766073,10.273000000000097,40
-34.74695953476587,16.449000000000265,41
-34.21744360245737,14.43300000000021,42
-33.51315902447474,10.257000000000097,43
-33.44514368738568,12.401000000000154,44
-31.867815855595282,10.241000000000097,45
-30.378930859848758,10.225000000000096,46
-29.961443979452614,18.449000000000318,47
-29.342067666233834,12.385000000000154,48
-29.024968809433435,10.209000000000096,49
-28.65352251363525,14.41700000000021,50
-28.052567896552006,16.433000000000263,51
-27.78817758581808,10.193000000000096,52
-26.65379227901886,10.177000000000096,53
-26.018502260546157,12.369000000000154,54
-25.609432115389637,10.161000000000094,55
-24.64463781562989,10.145000000000094,56
-24.463070099938,14.40100000000021,57
-24.043833363244417,18.43300000000032,58
-23.750512666506715,10.129000000000094,59
-23.291757718229523,16.417000000000264,60
-23.268219413664593,12.353000000000154,61
-22.919441148876242,10.113000000000094,62
-22.14486626091329,10.097000000000092,63
-21.421111720326447,10.081000000000092,64
-21.18947355841038,14.38500000000021,65
-20.951779585661452,12.337000000000153,66
-20.743238844845038,10.065000000000092,67
-20.10693046490303,10.049000000000092,68
-19.857387022082666,18.417000000000318,69
-19.72827477130605,16.401000000000263,70
-19.508396092264512,10.03300000000009,71
-18.971515982229068,12.321000000000152,72
-18.944293943456994,10.01700000000009,73
-18.558286124820064,14.369000000000208,74
-18.41166642201823,10.00100000000009,75
-17.90788645037053,9.98500000000009,76
-17.430612786676484,9.96900000000009,77
-17.256979030136932,12.305000000000152,78
-17.22386072651162,16.38500000000026,79
-17.07972329845152,9.953000000000088,80
-16.735586989869983,18.401000000000316,81
-16.5474205420836,9.937000000000088,82
-16.39461704762531,14.353000000000208,83
-16.137937199600557,9.921000000000088,84
-15.75606867101812,12.289000000000152,85
-15.747774454418325,9.905000000000088,86
-15.37555433442547,9.889000000000086,87
-15.020027463796488,9.873000000000086,88
-14.738709255938485,16.369000000000263,89
-14.680058442805999,9.857000000000086,90
-14.581745876157695,14.337000000000208,91
-14.429425498440043,12.27300000000015,92
-14.3546131374817,9.841000000000086,93
-14.315144617436754,18.385000000000318,94
-14.042747622731454,9.825000000000085,95
-13.743598543226845,9.809000000000085,96
-13.456374686119224,9.793000000000085,97
-13.246755627296602,12.25700000000015,98
-13.180349585715986,9.777000000000085,99
-13.038784573682022,14.321000000000208,100
-12.919574701964283,16.35300000000026,101
-12.914855025256056,9.761000000000083,102
-12.65927530143035,9.745000000000083,103
-12.41304215741476,9.729000000000083,104
-12.381134323074924,18.369000000000316,105
-12.184361697549665,12.24100000000015,106
-12.17563028946865,9.713000000000083,107
-11.946553355711968,9.697000000000081,108
-11.725360422571532,9.68100000000008,109
-11.707910353061067,14.305000000000206,110
-11.511632792476728,9.66500000000008,111
-11.399117328716509,16.337000000000263,112
-11.304981167444996,9.64900000000008,113
-11.223437685966775,12.22500000000015,114
-11.105043107336106,9.63300000000008,115
-10.911480746205639,9.617000000000079,116
-10.798294760874784,18.353000000000314,117
-10.72397873996414,9.601000000000079,118
-10.546688146135534,14.289000000000206,119
-10.542242414659926,9.585000000000079,120
-10.365996096184015,9.569000000000079,121
-10.348866780407631,12.209000000000149,122
-10.194981597786615,9.553000000000077,123
-10.107701369178235,16.32100000000026,124
-10.02895685180392,9.537000000000077,125
-9.867694666476158,9.521000000000077,126
-9.710981597164825,9.505000000000077,127
-9.558616918067983,9.489000000000075,128
-9.548357074313214,12.193000000000149,129
-9.523269837493324,14.273000000000206,130
-9.477238473503498,18.337000000000316,131
-9.410411686255229,9.473000000000075,132
-9.266187885716311,9.457000000000075,133
-9.125777645851592,9.441000000000075,134
-8.99575581806895,16.30500000000026,135
-8.989022526832857,9.425000000000074,136
-8.855772862927546,9.409000000000074,137
-8.811809278305336,12.177000000000149,138
-8.725887161413942,9.393000000000074,139
-8.613285078179388,14.257000000000206,140
-8.599231549981097,9.377000000000073,141
-8.47567926788392,9.361000000000073,142
-8.35652408742999,18.321000000000314,143
-8.355110198257131,9.345000000000072,144
-8.237410436254022,9.329000000000072,145
-8.13084688760839,12.161000000000149,146
-8.12247189073474,9.313000000000072,147
-8.027031985569302,16.28900000000026,148
-8.010191916081036,9.297000000000072,149
-7.900472972294635,9.28100000000007,150
-7.7977669820967845,14.241000000000204,151
-7.7932223090266275,9.26500000000007,152
-7.688351674810744,9.24900000000007,153
-7.585777044995839,9.23300000000007,154
-7.498462103351932,12.145000000000149,155
-7.485418370802245,9.217000000000068,156
-7.392525567113877,18.305000000000316,157
-7.387199345671606,9.201000000000068,158
-7.291047187667835,9.185000000000068,159
-7.196892437192933,9.169000000000068,160
-7.174408603612511,16.27300000000026,161
-7.104668768384069,9.153000000000066,162
-7.0617319614441,14.225000000000204,163
-7.014312813476386,9.137000000000066,164
-6.9257639982510355,9.121000000000066,165
-6.908745541439921,12.129000000000147,166
-6.838964389303409,9.105000000000066,167
-6.753858550391452,9.089000000000066,168
-6.670393408786591,9.073000000000064,169
-6.588518129255709,9.057000000000064,170
-6.553410495138664,18.289000000000314,171
-6.50818399716068,9.041000000000064,172
-6.4293443078260015,9.025000000000064,173
-6.417188035934522,16.25700000000026,174
-6.393185048996338,14.209000000000204,175
-6.356677468635231,12.113000000000147,176
-6.351954263413595,9.009000000000063,177
-6.275970875834689,8.993000000000062,178
-6.2013528757063945,8.977000000000062,179
-6.128060626368422,8.961000000000062,180
-6.056056043651687,8.94500000000006,181
-5.985302519778486,8.92900000000006,182
-5.915764852152925,8.91300000000006,183
-5.8474091757989415,8.89700000000006,184
-5.837964816851209,12.097000000000147,185
-5.815406122358065,18.273000000000312,186
-5.782409053777796,14.193000000000204,187
-5.780202900176845,8.881000000000059,188
-5.739299815965339,16.24100000000026,189
-5.714114649102552,8.865000000000059,190
-5.64911420419092,8.849000000000059,191
-5.5851724518259624,8.833000000000059,192
-5.522261332204821,8.817000000000059,193
-5.460353792136191,8.801000000000057,194
-5.39942373953429,8.785000000000057,195
-5.348912670564753,12.081000000000147,196
-5.339446000994119,8.769000000000057,197
-5.2803962810800344,8.753000000000057,198
-5.222251124507375,8.737000000000055,199
-5.221447345794363,14.177000000000202,200
-5.164987879119259,8.721000000000055,201
-5.160399540562507,18.257000000000314,202
-5.128075100633401,16.225000000000257,203
-5.10858466198771,8.705000000000055,204
-5.053020326664139,8.689000000000055,205
-4.998274431802758,8.673000000000053,206
-4.944327212317223,8.657000000000053,207
-4.891159550713902,8.641000000000053,208
-4.886322003966331,12.065000000000145,209
-4.838752951003711,8.625000000000053,210
-4.7870895132977065,8.609000000000052,211
-4.736151909377329,8.593000000000051,212
-4.703721403807292,14.161000000000202,213
-4.685923360383134,8.577000000000051,214
-4.636387614639295,8.561000000000051,215
-4.587528926827828,8.545000000000051,216
-4.574347110794597,18.241000000000312,217
-4.573391009351491,16.20900000000026,218
-4.539332038457898,8.52900000000005,219
-4.491782158837954,8.51300000000005,220
-4.447407612040212,12.049000000000145,221
-4.44486494703411,8.49700000000005,222
-4.398566494960271,8.48100000000005,223
-4.35287331060697,8.465000000000048,224
-4.307772302840634,8.449000000000048,225
-4.263250766095976,8.433000000000048,226
-4.223743864036289,14.145000000000202,227
-4.219296366293627,8.417000000000048,228
-4.175897127288699,8.401000000000046,229
-4.133041417616491,8.385000000000046,230
-4.090717938134464,8.369000000000046,231
-4.067060840860099,16.193000000000257,232
-4.048915710126418,8.353000000000046,233
-4.0461917112224635,18.225000000000314,234
-4.029731724123426,12.033000000000145,235
-4.007624063862879,8.337000000000044,236
-3.9668326276135524,8.321000000000044,237
-3.926531317330402,8.305000000000044,238
-3.886710326404943,8.289000000000044,239
-3.8473601163687814,8.273000000000044,240
-3.808471407336783,8.257000000000042,241
-3.7769003550627285,14.129000000000202,242
-3.7700351694101903,8.241000000000042,243
-3.732042614118105,8.225000000000042,244
-3.6944851864054846,8.209000000000042,245
-3.657354556711176,8.19300000000004,246
-3.6311499052201053,12.017000000000145,247
-3.6206426135950482,8.17700000000004,248
-3.6023915027464404,16.177000000000255,249
-3.5843414563757716,8.16100000000004,250
-3.567108206578158,18.209000000000312,251
-3.5484433884578017,8.14500000000004,252
-3.512940910560184,8.129000000000039,253
-3.477826714364392,8.113000000000039,254
-3.443093676377918,8.097000000000039,255
-3.408734852121549,8.081000000000039,256
-3.374743470426308,8.065000000000037,257
-3.3592816182916474,14.113000000000202,258
-3.341112927996207,8.049000000000037,259
-3.3078367839518212,8.033000000000037,260
-3.2749087552740104,8.017000000000037,261
-3.249766664252247,12.001000000000143,262
-3.2423227114570716,8.001000000000037,263
-3.210072670007854,7.985000000000036,264
-3.178152792061217,7.969000000000035,265
-3.1738569956081673,16.161000000000257,266
-3.1465573778716514,7.953000000000035,267
-3.129966640970223,18.19300000000031,268
-3.115280862767691,7.937000000000034,269
-3.0843178129360145,7.921000000000034,270
-3.0536629216570375,7.905000000000033,271
-3.0233110056606636,7.889000000000033,272
-2.9932570011737507,7.873000000000032,273
-2.967552888652168,14.0970000000002,274
-2.9634959608557825,7.857000000000032,275
-2.9340230501303535,7.841000000000031,276
-2.9048335440309967,7.825000000000031,277
-2.8838987883172864,11.985000000000143,278
-2.875922824063186,7.80900000000003,279
-2.84728637522706,7.79300000000003,280
-2.818919782946483,7.7770000000000294,281
-2.7908187302782475,7.761000000000029,282
-2.7768539301334387,16.145000000000255,283
-2.762978995572933,7.745000000000029,284
-2.7353964492037193,7.7290000000000285,285
-2.7289432196099077,18.177000000000312,286
-2.7080670513632863,7.7130000000000285,287
-2.680986849669829,7.697000000000028,288
-2.6541519764540418,7.681000000000028,289
-2.6275586468857144,7.665000000000027,290
-2.6012031563554765,7.649000000000027,291
-2.5988512281768568,14.0810000000002,292
-2.575081878600027,7.633000000000026,293
-2.5491912634820415,7.617000000000026,294
-2.5320448712374093,11.969000000000143,295
-2.5235278349363264,7.601000000000025,296
-2.498088189062528,7.585000000000025,297
-2.4728689922679377,7.569000000000024,298
-2.4478669793774888,7.553000000000024,299
-2.4230789518496643,7.537000000000023,300
-2.407515997071324,16.129000000000257,301
-2.398501776145439,7.521000000000023,302
-2.3741323819678732,7.505000000000022,303
-2.3592336904422626,18.16100000000031,304
-2.3499677606029516,7.489000000000022,305
-2.326004963556473,7.473000000000021,306
-2.3022411007585006,7.457000000000021,307
-2.2786733393443908,7.441000000000021,308
-2.2552989020182888,7.42500000000002,309
-2.25070407097657,14.0650000000002,310
-2.2321150659148645,7.40900000000002,311
-2.209119160980391,7.393000000000019,312
-2.1928598422839176,11.953000000000143,313
-2.1863085688612807,7.377000000000019,314
-2.163680721552761,7.361000000000018,315
-2.141233100205607,7.345000000000018,316
-2.118963233842331,7.3290000000000175,317
-2.0968686984629596,7.3130000000000175,318
-2.0749471155656725,7.297000000000017,319
-2.0625714433868394,16.113000000000255,320
-2.0531961514041894,7.281000000000017,321
-2.031613515637525,7.265000000000016,322
-2.0168389988113438,18.14500000000031,323
-2.010196960379347,7.249000000000016,324
-1.9889442793668635,7.233000000000015,325
-1.9678533068343504,7.217000000000015,326
-1.9469219165180878,7.201000000000014,327
-1.9261480209108113,7.185000000000014,328
-1.920964033397487,14.0490000000002,329
-1.9055295702554325,7.169000000000014,330
-1.885064551706652,7.153000000000013,331
-1.8651335536150593,11.937000000000141,332
-1.864750988520101,7.137000000000013,333
-1.8445869390585787,7.121000000000012,334
-1.8245704963040117,7.105000000000012,335
-1.804699786840771,7.089000000000011,336
-1.7849729701683044,7.073000000000011,337
-1.765388237976769,7.05700000000001,338
-1.7459438134717322,7.04100000000001,339
-1.7392323548803565,16.097000000000254,340
-1.7266379505801839,7.025000000000009,341
-1.7074689333443736,7.009000000000009,342
-1.6984028090821557,18.12900000000031,343
-1.6884350752513724,6.993000000000008,344
-1.669534718608536,6.977000000000008,345
-1.6507662338785425,6.961000000000007,346
-1.632128019167089,6.945000000000007,347
-1.6136184994519285,6.9290000000000065,348
-1.6077563190117061,14.033000000000198,349
-1.595236126133373,6.9130000000000065,350
-1.5769793764530702,6.8970000000000065,351
-1.558846753056887,6.881000000000006,352
-1.5477726847296949,11.921000000000141,353
-1.5408367832108791,6.8650000000000055,354
-1.5229480184512065,6.849000000000005,355
-1.505179034104949,6.833000000000005,356
-1.4875284287004364,6.817000000000004,357
-1.4699948234614004,6.801000000000004,358
-1.4525768619428228,6.785000000000003,359
-1.4352732096189846,6.769000000000003,360
-1.4351077582177798,16.081000000000255,361
-1.4180825532747043,6.753000000000002,362
-1.4010868164680956,18.11300000000031,363
-1.401003600564687,6.737000000000002,364
-1.3840350798579586,6.721000000000001,365
-1.3671757394229396,6.705000000000001,366
-1.3504243473700521,6.689,367
-1.3337796910666497,6.673,368
-1.317240576805217,6.656999999999999,369
-1.3094359647606861,14.017000000000198,370
-1.3008058294788505,6.640999999999999,371
-1.2844742921226946,6.624999999999999,372
-1.2682448256139403,6.608999999999998,373
-1.2521163083223728,6.592999999999998,374
-1.2397853705272133,11.905000000000141,375
-1.236087635698615,6.576999999999997,376
-1.2201577199990652,6.560999999999997,377
-1.204325490073228,6.544999999999996,378
-1.1885898907932624,6.528999999999996,379
-1.1729498829848746,6.5129999999999955,380
-1.1574044429470416,6.4969999999999954,381
-1.1481347689013612,16.065000000000254,382
-1.1419525622547808,6.4809999999999945,383
-1.1265932474828362,6.4649999999999945,384
-1.1224739754427349,18.09700000000031,385
-1.1113255198350673,6.448999999999994,386
-1.0961484149770107,6.432999999999994,387
-1.081060982625165,6.416999999999993,388
-1.0660622864431437,6.400999999999993,389
-1.0511514036940646,6.384999999999992,390
-1.0363274249886192,6.368999999999992,391
-1.024552841452935,14.001000000000198,392
-1.0215894540382184,6.352999999999992,393
-1.0069366074452073,6.336999999999991,394
-0.9923680145061007,6.320999999999991,395
-0.977882816819866,6.30499999999999,396
-0.9634801682496189,6.28899999999999,397
-0.9491592345808795,6.272999999999989,398
-0.9402680774813824,11.889000000000141,399
-0.9349191934008714,6.256999999999989,400
-0.9207592337457947,6.240999999999988,401
-0.906678556089639,6.224999999999988,402
-0.8926763719442284,6.208999999999987,403
-0.8787519038305079,6.192999999999987,404
-0.8765235563554502,16.049000000000255,405
-0.8649043849544501,6.176999999999986,406
-0.8604926129968686,18.08100000000031,407
-0.8511330590845673,6.160999999999986,408
-0.8374371803660645,6.144999999999985,409
-0.8238160131309362,6.128999999999985,410
-0.8102688317272798,6.1129999999999844,411
-0.7967949203008233,6.096999999999984,412
-0.7833935727225428,6.0809999999999835,413
-0.7700640922844534,6.0649999999999835,414
-0.7568057916655672,6.0489999999999835,415
-0.7518228122891745,13.985000000000198,416
-0.7436179927138191,6.032999999999983,417
-0.7305000263001963,6.016999999999983,418
-0.7174512321605139,6.000999999999982,419
-0.7044709587254077,5.984999999999982,420
-0.6915585630324613,5.968999999999981,421
-0.6787134105381832,5.952999999999981,422
-0.6659348749421645,5.93699999999998,423
-0.6532223381533724,5.92099999999998,424
-0.648394344459986,11.873000000000141,425
-0.6405751900644645,5.904999999999979,426
-0.6279928284314914,5.888999999999979,427
-0.618712994262038,16.033000000000253,428
-0.6154746588239116,5.872999999999978,429
-0.6133563491867491,18.065000000000307,430
-0.6030200943628914,5.856999999999978,431
-0.5906285557070694,5.840999999999977,432
-0.5782994708514091,5.824999999999977,433
-0.5660322751330723,5.808999999999976,434
-0.5538264109570773,5.792999999999976,435
-0.5416813277246493,5.776999999999976,436
-0.5295964818778102,5.760999999999975,437
-0.5175713365395525,5.744999999999975,438
-0.5056053615576069,5.728999999999974,439
-0.4936980333538147,5.712999999999974,440
-0.4901038180191513,13.969000000000197,441
-0.4818488349088627,5.696999999999973,442
-0.4700572554785691,5.680999999999973,443
-0.4583227906257828,5.664999999999973,444
-0.44664494216868317,5.648999999999973,445
-0.43502321792717347,5.632999999999973,446
-0.4234571317182015,5.616999999999974,447
-0.4119462032615012,5.600999999999974,448
-0.4004899581207711,5.584999999999974,449
-0.3890879275451126,5.568999999999974,450
-0.37951611008685454,18.04900000000031,451
-0.3777396483835157,5.552999999999975,452
-0.37333464820786644,16.01700000000025,453
-0.3664446630906464,5.536999999999975,454
-0.36340507646487774,11.85700000000014,455
-0.3552025195316732,5.520999999999975,456
-0.3440127709135251,5.504999999999975,457
-0.3328749758064747,5.488999999999976,458
-0.321788697976698,5.472999999999976,459
-0.31075350627064896,5.456999999999976,460
-0.29976897468683855,5.440999999999976,461
-0.2888346820945221,5.424999999999977,462
-0.2779502123695102,5.408999999999977,463
-0.26711515408909653,5.392999999999977,464
-0.2563291007585401,5.376999999999977,465
-0.24559165043978418,5.360999999999977,466
-0.23837593005676075,13.953000000000197,467
-0.23490240588828232,5.3449999999999775,468
-0.22426097440580695,5.3289999999999775,469
-0.2136669677476212,5.3129999999999775,470
-0.203120002119786,5.2969999999999775,471
1.0058014561111366,2.8810000000000078,472
1.0113887020325327,19.93700000000036,473
1.011988619607687,2.8650000000000078,474
1.0181585091922696,2.849000000000008,475
1.0243112169185677,2.8330000000000077,476
1.0304468340166157,2.8170000000000077,477
1.0365654511410853,2.8010000000000077,478
1.0426671582133853,2.7850000000000077,479
1.0487520444267004,2.7690000000000072,480
1.054820198379935,2.753000000000007,481
1.0608717079753822,2.737000000000007,482
1.0669066604507729,2.721000000000007,483
1.072925142420808,2.7050000000000067,484
1.07892723985189,2.6890000000000067,485
1.0822052474710577,15.90500000000025,486
1.0849130380268697,2.6730000000000067,487
1.0908826216461904,2.6570000000000067,488
1.0968360747528825,2.6410000000000062,489
1.1027734807948206,2.625000000000006,490
1.107623315350854,13.857000000000195,491
1.1086949225811866,2.609000000000006,492
1.1146004823416074,2.593000000000006,493
1.1204902416586275,2.577000000000006,494
1.1263642815471526,2.5610000000000057,495
1.1322226824483215,2.5450000000000057,496
1.1380655241649957,2.5290000000000057,497
1.1438928859599053,2.5130000000000057,498
1.1450699185376245,17.921000000000305,499
1.1497048465148874,2.497000000000005,500
1.1555014839354167,2.481000000000005,501
1.156811072871497,19.921000000000358,502
1.1612828757399511,2.465000000000005,503
1.1670490989252473,2.449000000000005,504
1.1728002299265485,2.4330000000000047,505
1.178536344610434,2.4170000000000047,506
1.1842575183182198,2.4010000000000047,507
1.189963825835669,2.3850000000000047,508
1.1956553414370843,2.369000000000004,509
1.2013321388540792,2.353000000000004,510
1.2069942912696872,2.337000000000004,511
1.2126418713821154,2.321000000000004,512
1.2182749513668103,2.305000000000004,513
1.2238936028941174,2.2890000000000037,514
1.229497897132855,2.2730000000000037,515
1.2350879047223802,2.2570000000000037,516
1.2378871652171466,11.761000000000138,517
1.2406636958076063,2.2410000000000037,518
1.2462253400840169,2.225000000000003,519
1.2517729067109615,2.209000000000003,520
1.257306464399829,2.193000000000003,521
1.261994613629679,15.88900000000025,522
1.2628260813771879,2.177000000000003,523
1.2683318253659817,2.1610000000000027,524
1.273823763672086,2.1450000000000027,525
1.279301963060314,2.1290000000000027,526
1.2847664899242275,2.1130000000000027,527
1.2902174101204413,2.0970000000000026,528
1.2956547890944958,2.081000000000002,529
1.2973776452639383,19.905000000000356,530
1.301078691829187,2.065000000000002,531
1.3043448772453903,17.905000000000303,532
1.3064891828950893,2.049000000000002,533
1.3106533333205268,13.841000000000195,534
1.3118863263499982,2.033000000000002,535
1.3172701858728237,2.0170000000000017,536
1.3226408246924768,2.0010000000000017,537
1.3279983055895728,1.9850000000000017,538
1.3333426909540456,1.9690000000000014,539
1.3386740427455028,1.9530000000000014,540
1.343992422456776,1.9370000000000012,541
1.3492978912292588,1.9210000000000012,542
1.3545905097710125,1.905000000000001,543
1.3598703383463144,1.889000000000001,544
1.3651374368536555,1.8730000000000007,545
1.3703918647975313,1.8570000000000007,546
1.3756336812637096,1.8410000000000006,547
1.3808629449371077,1.8250000000000004,548
1.3860797141482455,1.8090000000000004,549
1.3912840467857257,1.7930000000000001,550
1.3964760003949799,1.7770000000000001,551
1.4016556321268019,1.761,552
1.4068229987676375,1.7449999999999999,553
1.4119781567171994,1.7289999999999996,554
1.4171211619992494,1.7129999999999996,555
1.4222520702806833,1.6969999999999994,556
1.4273709368507745,1.6809999999999994,557
1.4324778166551702,1.6649999999999991,558
1.4335103667648073,19.889000000000358,559
1.4365297434861952,15.873000000000248,560
1.4375727642613423,1.6489999999999991,561
1.4426558339017133,1.632999999999999,562
1.4477270794242392,1.6169999999999989,563
1.4527865543695453,1.6009999999999989,564
1.4578343118928923,1.5849999999999986,565
1.4586137185802064,17.889000000000305,566
1.4628704048285393,1.5689999999999986,567
1.4678948856658574,1.5529999999999984,568
1.4729078065284302,1.5369999999999984,569
1.47790921926278,1.5209999999999981,570
1.4828991753398557,1.5049999999999981,571
1.4878777258974065,1.4889999999999979,572
1.4918049132169497,11.745000000000138,573
1.4928449217532584,1.4729999999999979,574
1.4978008134258045,1.4569999999999976,575
1.5027454510753602,1.4409999999999976,576
1.5076788845587623,1.4249999999999974,577
1.5090130357044609,13.825000000000193,578
1.5126011634207606,1.4089999999999976,579
1.5175123368913364,1.3929999999999976,580
1.522412453869487,1.3769999999999976,581
1.5273015629809759,1.3609999999999975,582
1.5321797125169618,1.3449999999999978,583
1.5370469504547597,1.3289999999999977,584
1.5419033245323777,1.3129999999999977,585
1.5467488820875508,1.2969999999999977,586
1.5515836702612944,1.280999999999998,587
1.556407735848778,1.264999999999998,588
1.5612211253550234,1.248999999999998,589
1.5655924524836262,19.873000000000356,590
1.5660238850096297,1.2329999999999979,591
1.5708160607292054,1.216999999999998,592
1.5755976981984967,1.200999999999998,593
1.580368842755764,1.184999999999998,594
1.585129539502204,1.168999999999998,595
1.589879833246322,1.152999999999998,596
1.5946197685177441,1.1369999999999982,597
1.5993493895836293,1.1209999999999982,598
1.6040687404290461,1.1049999999999982,599
1.6062722529281679,15.857000000000248,600
1.608311615793624,17.873000000000303,601
1.608777864786266,1.0889999999999982,602
1.6134768060757807,1.0729999999999984,603
1.6181656075070194,1.0569999999999984,604
1.6228443120135658,1.0409999999999984,605
1.627512962244391,1.0249999999999984,606
1.632171600606976,1.0089999999999986,607
1.6368202692251408,0.9929999999999986,608
1.6414590100442255,0.9769999999999985,609
1.6460878646643813,0.9609999999999986,610
1.65070687448267,0.9449999999999986,611
1.6553160806291463,0.9289999999999987,612
1.6599155240152126,0.9129999999999987,613
1.6645052452800395,0.8969999999999988,614
1.6690852848168907,0.8809999999999988,615
1.6736556828131326,0.8649999999999989,616
1.6782164791772871,0.8489999999999989,617
1.6827677135836177,0.832999999999999,618
1.6873094255129881,0.816999999999999,619
1.6918416541409564,0.800999999999999,620
1.6939731733049488,19.857000000000358,621
1.69636443849582,0.784999999999999,622
1.7008778173099404,0.7689999999999991,623
1.7031403637433995,13.809000000000193,624
1.7053818290870026,0.7529999999999991,625
1.709876512158609,0.7369999999999992,626
1.7143619045831662,0.7209999999999992,627
1.71883804419477,0.7049999999999993,628
1.7233049686453843,0.6889999999999993,629
1.727762715327444,0.6729999999999993,630
1.7322113214484198,0.6569999999999994,631
1.7366508239440244,0.6409999999999993,632
1.7410812596049847,0.6249999999999994,633
1.743303697429175,11.729000000000136,634
1.7455026649482706,0.6089999999999994,635
1.7499150763229598,0.5929999999999995,636
1.753835361448521,17.8570000000003,637
1.7543185298545265,0.5769999999999995,638
1.7587130614408022,0.5609999999999996,639
1.76309870680434,0.5449999999999996,640
1.7674755014042371,0.5289999999999997,641
1.7716448517071797,15.841000000000248,642
1.7718434805725534,0.5129999999999997,643
1.7762026793863377,0.4969999999999998,644
1.7805531327362594,0.4809999999999998,645
1.784894875319428,0.4649999999999998,646
1.78922794163341,0.44899999999999984,647
1.7935523659618218,0.4329999999999999,648
1.797868182418374,0.4169999999999999,649
1.802175424888539,0.40099999999999997,650
1.8064741270983282,0.385,651
1.810764322588229,0.369,652
1.815046044676797,0.353,653
1.8189719824342443,19.841000000000356,654
1.8193193265103498,0.33699999999999997,655
1.8235842010539054,0.321,656
1.8278407010674693,0.305,657
1.832088859159719,0.289,658
1.836328707706535,0.27299999999999996,659
1.8405602789614977,0.257,660
1.8447836049697817,0.241,661
1.8489987175984315,0.22499999999999998,662
1.8532056485043702,0.209,663
1.8574044292277605,0.19299999999999998,664
1.861595091093735,0.177,665
1.8657776652773215,0.16099999999999998,666
1.8699521827831944,0.145,667
1.8741186743875982,0.12899999999999998,668
1.8782771707874522,0.11299999999999999,669
1.882427702420702,0.09699999999999999,670
1.8865702996149272,0.081,671
1.890704992541581,0.065,672
1.8934415265825968,13.793000000000193,673
1.8948318111321703,0.048999999999999995,674
1.8955480338260413,17.841000000000303,675
1.8989507852602612,0.032999999999999995,676
1.9030619445443424,0.017,677
1.9071653185000217,0.001,678
1.9076776942856983,-0.0010000000000000015,679
1.9077440189890862,-0.001258925411794168,680
1.9078275139474188,-0.0015848931924611134,681
1.9079326233111153,-0.0019952623149688776,682
1.9080649408967327,-0.0025118864315095755,683
1.9082315073869542,-0.0031622776601683716,684
1.9084411839727873,-0.003981071705534959,685
1.908705122298613,-0.005011872336272707,686
1.9090373552719309,-0.006309573444801914,687
1.9094555393639046,-0.007943282347242793,688
1.9099818872172756,-0.009999999999999974,689
1.9106443381558411,-0.01258925411794164,690
1.9114780266010993,-0.0158489319246111,691
1.9125271222774323,-0.019952623149688757,692
1.913847133642753,-0.025118864315095756,693
1.9155077868691341,-0.03162277660168374,694
1.9175966172908367,-0.03981071705534967,695
1.9202234389172037,-0.050118723362727165,696
1.9235258896222227,-0.06309573444801926,697
1.9276762843245983,-0.0794328234724281,698
1.932890042532239,-0.09999999999999995,699
1.9330360128429849,15.825000000000248,700
1.9394359860524417,-0.12589254117941667,701
1.9408820871178691,19.825000000000355,702
1.9476488191784764,-0.15848931924611132,703
1.9579440930344063,-0.199526231496888,704
1.9708358989195043,-0.25118864315095807,705
1.9869574022418606,-0.3162277660168381,706
1.9928137272687358,11.713000000000136,707
2.007084076518994,-0.39810717055349754,708
2.032159076210205,-0.5011872336272727,709
2.033783037304091,17.8250000000003,710
2.0599735532748986,19.809000000000356,711
2.0633195368377244,-0.6309573444801939,712
2.080294756008065,13.777000000000193,713
2.0908040351154518,15.809000000000248,714
2.1019216629033832,-0.7943282347242825,715
2.1495612469326444,-1.0000000000000016,716
2.1688476156328558,17.8090000000003,717
2.1764960155926776,19.793000000000355,718
2.2080848383334692,-1.2589254117941693,719
2.240748603548731,11.697000000000136,720
2.2452805931927284,15.793000000000246,721
2.2640536214429883,13.761000000000191,722
2.2795853992692017,-1.5848931924611165,723
2.290681053389311,19.777000000000353,724
2.3010259200302134,17.7930000000003,725
2.3663754438939106,-1.9952623149688837,726
2.3967738527747793,15.777000000000246,727
2.4027442822209326,19.761000000000355,728
2.4305816998188696,17.7770000000003,729
2.4450499705496775,13.745000000000191,730
2.4709311345620812,-2.511886431509586,731
2.4875080010309256,11.681000000000136,732
2.512887203644036,19.745000000000353,733
2.545571216850441,15.761000000000246,734
2.5577606724309656,17.7610000000003,735
2.595803544657518,-3.1622776601683875,736
2.6212988483242223,19.729000000000354,737
2.6235965505977217,13.729000000000191,738
2.6827926202731756,17.7450000000003,739
2.69194175733099,15.745000000000246,740
2.728157242771633,19.713000000000353,741
2.7334801506814363,11.665000000000134,742
2.7434990142197626,-3.9810717055349834,743
2.7999893575103636,13.713000000000191,744
2.8058932544435944,17.729000000000298,745
2.833630725047587,19.69700000000035,746
2.8361383783574463,15.729000000000244,747
2.916339054621665,-5.011872336272736,748
2.927265879413101,17.7130000000003,749
2.937879131390683,19.681000000000353,750
2.97450975268135,13.69700000000019,751
2.978399750553623,15.713000000000244,752
2.9790441565385875,11.649000000000134,753
3.041054872546495,19.66500000000035,754
3.0471028872366843,17.697000000000298,755
3.1163198164034296,-6.309573444801949,756
3.1189520494156557,15.697000000000244,757
3.1433039161061376,19.649000000000353,758
3.1474263818540584,13.68100000000019,759
3.1655871064218597,17.6810000000003,760
3.2245721785132186,11.633000000000134,761
3.2447666889057896,19.63300000000035,762
3.2580105264865566,15.681000000000244,763
3.282893026263103,17.665000000000298,764
3.318996925616005,13.66500000000019,765
3.3449981267032833,-7.943282347242835,766
3.34557891213712,19.61700000000035,767
3.395780937909153,15.665000000000243,768
3.399187915471493,17.649000000000296,769
3.4458723800102047,19.60100000000035,770
3.4704315088573265,11.617000000000134,771
3.4894697076568386,13.64900000000019,772
3.514632850999596,17.633000000000298,773
3.532460851724024,15.649000000000242,774
3.545775692010878,19.58500000000035,775
3.6034312346188977,-10.000000000000025,776
3.6293836711346734,17.617000000000296,777
3.645414947514017,19.569000000000347,778
3.659085182970341,13.633000000000187,779
3.6682408526518877,15.633000000000242,780
3.716986568004818,11.601000000000134,781
3.743591865587485,17.601000000000294,782
3.744914411095335,19.55300000000035,783
3.8033056604383617,15.617000000000242,784
3.8280773263641774,13.617000000000187,785
3.844397156017885,19.537000000000347,786
3.8574054136038725,17.585000000000296,787
3.8921881473105273,-12.589254117941705,788
3.9378351769753372,15.60100000000024,789
3.9439856930977295,19.52100000000035,790
3.964600843428031,11.585000000000132,791
3.970969580461832,17.569000000000294,792
3.9966749389301315,13.601000000000187,793
4.043802591958115,19.505000000000347,794
4.072005474762374,15.58500000000024,795
4.084427681545267,17.553000000000296,796
4.143971101020312,19.489000000000345,797
4.165102888894614,13.585000000000187,798
4.197921822785472,17.537000000000294,799
4.205989738972713,15.56900000000024,800
4.211433615118986,-15.848931924611174,801
4.213638793768867,11.569000000000132,802
4.244615773454335,19.473000000000347,803
4.311593625757493,17.521000000000292,804
4.333583301225443,13.569000000000187,805
4.339959173913042,15.55300000000024,806
4.345863105371876,19.457000000000345,807
4.425584945066129,17.505000000000294,808
4.447842193552639,19.441000000000344,809
4.464467739588159,11.553000000000132,810
4.474083884307599,15.537000000000239,811
4.502336710115043,13.553000000000186,812
4.540038586357368,17.489000000000292,813
4.550685419980445,19.425000000000345,814
4.561067966884484,-19.952623149688844,815
4.608533741145227,15.521000000000239,816
4.654529170744796,19.409000000000344,817
4.655099031811332,17.473000000000294,818
4.671583187133164,13.537000000000186,819
4.717459761582638,11.537000000000132,820
4.743479241265451,15.505000000000239,821
4.759514598307701,19.393000000000345,822
4.770913181983574,17.457000000000292,823
4.841543457311185,13.521000000000186,824
4.865788435925153,19.377000000000344,825
4.8790923704183635,15.489000000000239,826
4.887631121363744,17.44100000000029,827
4.972993626793315,11.52100000000013,828
4.973503874767856,19.36100000000034,829
5.005406916550374,17.425000000000292,830
5.012440015513909,13.505000000000186,831
5.015547478823888,15.473000000000239,832
5.082821515246304,19.345000000000343,833
5.1243994562056665,17.40900000000029,834
5.153022178632722,15.457000000000237,835
5.184498255051853,13.489000000000184,836
5.193910405576811,19.32900000000034,837
5.231456763908534,11.50500000000013,838
5.244773342573003,17.39300000000029,839
5.2916982736071,15.441000000000237,840
5.306949182533465,19.313000000000343,841
5.357947620645981,13.473000000000184,842
5.366699845631417,17.37700000000029,843
5.4221273315044165,19.29700000000034,844
5.431762730913368,15.425000000000237,845
5.49035793194432,17.36100000000029,846
5.493247308939081,11.48900000000013,847
5.533022798606384,13.457000000000184,848
5.53964658530162,19.28100000000034,849
5.573408706805837,15.409000000000237,850
5.615935381734785,17.34500000000029,851
5.659722485342336,19.26500000000034,852
5.709964957046634,13.441000000000184,853
5.716836637915814,15.393000000000235,854
5.743630009753777,17.32900000000029,855
5.758776244178509,11.47300000000013,856
5.78258613133606,19.24900000000034,857
5.862255412010544,15.377000000000235,858
5.873651007516056,17.313000000000287,859
5.88902305067439,13.425000000000182,860
5.908486151399123,19.233000000000338,861
6.006220426975256,17.29700000000029,862
6.009883632938559,15.361000000000235,863
6.028469653996448,11.457000000000129,864
6.037690929628345,19.21700000000034,865
6.0704552049971365,13.409000000000182,866
6.1415748291363625,17.281000000000287,867
6.15995099678334,15.345000000000235,868
6.170491135246003,19.201000000000338,869
6.254530197022133,13.393000000000182,870
6.279967124922171,17.265000000000285,871
6.302771123480817,11.441000000000129,872
6.3072026058508746,19.18500000000034,873
6.312699798301972,15.329000000000233,874
6.4216686397657154,17.249000000000287,875
6.44152905055111,13.377000000000182,876
6.448169647423804,19.169000000000338,877
6.468386589500355,15.313000000000233,878
6.566971439638063,17.233000000000285,879
6.582144308215256,11.425000000000129,880
6.593768826886647,19.153000000000336,881
6.627284015781634,15.297000000000233,882
6.63174676724991,13.36100000000018,883
6.716190962371346,17.217000000000287,884
6.744413348080047,19.137000000000338,885
6.789682858327743,15.281000000000233,886
6.82549421652606,13.34500000000018,887
6.867075705925399,11.409000000000129,888
6.869669006691048,17.201000000000285,889
6.900558122183096,19.121000000000336,890
6.955894317237734,15.265000000000231,891
7.023100211097559,13.32900000000018,892
7.027777141322522,17.185000000000283,893
7.062705667552342,19.105000000000338,894
7.126252574650186,15.249000000000231,895
7.15807766464628,11.393000000000127,896
7.19092060864422,17.169000000000285,897
7.224913798726706,13.31300000000018,898
7.231413004664597,19.089000000000336,899
7.301117684884216,15.233000000000231,900
7.3595428129631815,17.153000000000283,901
7.407299750383473,19.073000000000334,902
7.431306805342846,13.29700000000018,903
7.455691665432614,11.377000000000127,904
7.480878846651463,15.217000000000231,905
7.534130501452832,17.137000000000285,906
7.591057665468507,19.057000000000336,907
7.642676670401972,13.281000000000178,908
7.66595812274898,15.201000000000231,909
7.715219769958292,17.121000000000283,910
7.760491923421421,11.361000000000127,911
7.783461971096521,19.041000000000334,912
7.856814685454863,15.18500000000023,913
7.859449622011392,13.265000000000178,914
7.9034030540651585,17.10500000000028,915
7.985384832239975,19.025000000000333,916
8.053949681171042,15.16900000000023,917
8.07308935524405,11.345000000000127,918
8.082084247715486,13.249000000000178,919
8.099337303239352,17.089000000000283,920
8.19781150995055,19.009000000000334,921
8.257911826601813,15.15300000000023,922
8.30375358102999,17.07300000000028,923
8.311075526175372,13.233000000000178,924
8.394135967551586,11.329000000000127,925
8.421859822619558,18.993000000000333,926
8.469303872852487,15.13700000000023,927
8.517468394382451,17.05700000000028,928
8.54695939746596,13.217000000000176,929
8.658803737172132,18.977000000000334,930
8.688790102629232,15.121000000000228,931
8.724329728295846,11.313000000000125,932
8.741397128802783,17.04100000000028,933
8.790317963382277,13.201000000000176,934
8.910102152367942,18.961000000000332,935
8.91710506223247,15.105000000000228,936
8.976570064322239,17.02500000000028,937
9.041785427064886,13.185000000000176,938
9.064419989181587,11.297000000000125,939
9.155063776523656,15.089000000000228,940
9.177434259727756,18.94500000000033,941
9.224151572690339,17.00900000000028,942
9.302054902513197,13.169000000000176,943
9.403573752193884,15.073000000000228,944
9.415213534467119,11.281000000000125,945
9.462743306800649,18.929000000000332,946
9.485463261000485,16.99300000000028,947
9.711888579950068,16.465000000000266,948
9.712044380429269,16.449000000000265,949
9.712200496384416,16.433000000000263,950
9.712356320183119,16.417000000000264,951
9.712512263099809,16.401000000000263,952
9.7126683755936,16.38500000000026,953
9.71282430854855,16.369000000000263,954
9.71298023181505,16.35300000000026,955
9.713136140339408,16.337000000000263,956
10.223190228543356,15.025000000000226,957
10.367988620823956,16.945000000000277,958
10.447551710412556,13.105000000000175,959
10.4511748453429,18.88100000000033,960
10.525385752065077,15.009000000000226,961
10.540890707246453,11.233000000000123,962
10.701706783701292,16.929000000000276,963
10.764913014827075,13.089000000000173,964
10.8353443878008,18.86500000000033,965
10.84465940238003,14.993000000000224,966
10.943967477343582,11.217000000000123,967
11.059360155635538,16.913000000000277,968
11.097009968758908,13.073000000000173,969
11.182888112490684,14.977000000000224,970
11.253676929739452,18.84900000000033,971
11.362908490952568,11.201000000000123,972
11.444091157092252,16.897000000000276,973
11.445254181658221,13.057000000000173,974
11.54222341146431,14.961000000000224,975
11.711534630210787,18.83300000000033,976
11.799036557438244,11.185000000000121,977
11.81122935496201,13.041000000000173,978
11.859607721123707,16.881000000000277,979
11.925144114108368,14.945000000000224,980
12.196718444600517,13.025000000000173,981
12.21545246776355,18.817000000000327,982
12.253796548416783,11.169000000000121,983
12.310317260375703,16.865000000000276,984
12.334521447430323,14.929000000000224,985
12.603735554141409,13.00900000000017,986
12.728765906260714,11.153000000000121,987
12.773476593252795,18.80100000000033,988
12.773700042072065,14.913000000000222,989
12.801500573314408,16.849000000000274,990
13.034563030764646,12.99300000000017,991
13.225661630010846,11.137000000000121,992
13.246599156505594,14.897000000000222,993
13.339540308740435,16.833000000000276,994
13.39562449265371,18.785000000000327,995
13.491793562068217,12.97700000000017,996
13.7463371233091,11.12100000000012,997
13.757839394299186,14.881000000000222,998
13.932225052006245,16.817000000000274,999
13.978374897387882,12.96100000000017,1000
14.094515996216579,18.76900000000033,1001
14.292751719153683,11.10500000000012,1002
14.3129000414693,14.865000000000222,1003
14.497647937967905,12.945000000000169,1004
14.589159915820163,16.801000000000275,1005
14.86686338636434,11.08900000000012,1006
14.886229086902599,18.753000000000327,1007
14.918306386072276,14.84900000000022,1008
15.053345185775004,12.929000000000169,1009
15.322329709824713,16.785000000000274,1010
15.470278283188414,11.07300000000012,1011
15.581809846332026,14.83300000000022,1012
15.64941938439126,12.913000000000169,1013
15.791310209808932,18.737000000000325,1014
16.102954066029664,11.05700000000012,1015
16.146884196250365,16.769000000000272,1016
16.289042290244286,12.897000000000169,1017
16.312259754291567,14.81700000000022,1018
16.756713565673,11.041000000000118,1019
16.967261792510246,12.881000000000167,1020
17.08223655165787,16.753000000000274,1021
17.114924233250374,14.80100000000022,1022
17.36250057599546,11.025000000000118,1023
17.58893507450311,19.98500000000036,1024
17.589245192750763,19.96900000000036,1025
17.589554538445537,19.95300000000036,1026
17.58986316027963,19.93700000000036,1027
17.590171103096296,19.921000000000358,1028
17.590478408288032,19.905000000000356,1029
17.590785114162504,19.889000000000358,1030
17.59109125624599,19.873000000000356,1031
17.59139686756384,19.857000000000358,1032
17.59170197891228,19.841000000000356,1033
17.59200661905042,19.825000000000355,1034
17.59231081493747,19.809000000000356,1035
17.592614591870728,19.793000000000355,1036
17.592917973704147,19.777000000000353,1037
17.593220982925715,19.761000000000355,1038
17.593523640851597,19.745000000000353,1039
17.593825967723603,19.729000000000354,1040
17.594127982815827,19.713000000000353,1041
17.59442970455785,19.69700000000035,1042
17.594731150616116,19.681000000000353,1043
17.595032338004195,19.66500000000035,1044
17.595333283139794,19.649000000000353,1045
17.595634001947026,19.63300000000035,1046
17.59593450993258,19.61700000000035,1047
17.59623482225454,19.60100000000035,1048
17.596534953806227,19.58500000000035,1049
17.596834919274038,19.569000000000347,1050
17.59713473324071,19.55300000000035,1051
17.597434410206574,19.537000000000347,1052
17.597733964713814,19.52100000000035,1053
17.598033411419873,19.505000000000347,1054
17.598332765132003,19.489000000000345,1055
17.59863204095218,19.473000000000347,1056
17.598931254325993,19.457000000000345,1057
17.59923042118153,19.441000000000344,1058
17.59952955798192,19.425000000000345,1059
17.599828681894166,19.409000000000344,1060
17.600127810892715,19.393000000000345,1061
17.600426963899903,19.377000000000344,1062
17.600726160984962,19.36100000000034,1063
17.601025423496086,19.345000000000343,1064
17.60132477433235,19.32900000000034,1065
17.601624238109963,19.313000000000343,1066
17.601923841511688,19.29700000000034,1067
17.60222361357267,19.28100000000034,1068
17.602523586039084,19.26500000000034,1069
17.60282379385854,19.24900000000034,1070
17.603124275642667,19.233000000000338,1071
17.603425074333074,19.21700000000034,1072
17.60372623787808,19.201000000000338,1073
17.60402782014911,19.18500000000034,1074
17.604329882007875,19.169000000000338,1075
17.604632492556554,19.153000000000336,1076
17.60493573075115,19.137000000000338,1077
17.605239687325568,19.121000000000336,1078
17.605544467229088,19.105000000000338,1079
17.605850192619354,19.089000000000336,1080
17.60615700673213,19.073000000000334,1081
17.606465078741234,19.057000000000336,1082
17.606774610074602,19.041000000000334,1083
17.606949679691255,18.689000000000323,1084
17.60708584265797,19.025000000000333,1085
17.60739906978274,19.009000000000334,1086
17.607714650699418,18.993000000000333,1087
17.608033030430594,18.977000000000334,1088
17.608354767241206,18.961000000000332,1089
17.608680571296556,18.94500000000033,1090
17.609011360335014,18.929000000000332,1091
17.609348341832714,18.91300000000033,1092
17.609693137331305,18.89700000000033,1093
17.60970727348405,18.673000000000325,1094
17.610047976992863,18.88100000000033,1095
17.61041601507444,18.86500000000033,1096
17.610801864320578,18.84900000000033,1097
17.610998405511022,18.657000000000323,1098
17.611212549623623,18.83300000000033,1099
17.611659322342934,18.817000000000327,1100
17.61183034079787,18.641000000000325,1101
17.61216140193047,18.80100000000033,1102
17.612459862507965,18.625000000000323,1103
17.6127545457649,18.785000000000327,1104
17.612982381513486,18.60900000000032,1105
17.61344147758328,18.593000000000323,1106
17.613513704321893,18.76900000000033,1107
17.613859884403983,18.57700000000032,1108
17.614250622060425,18.561000000000323,1109
17.614621684258477,18.54500000000032,1110
17.614626925480977,18.753000000000327,1111
17.61497825035962,18.52900000000032,1112
17.615323823817644,18.51300000000032,1113
17.61566085936037,18.49700000000032,1114
17.615991128125273,18.481000000000318,1115
17.616315940199446,18.46500000000032,1116
17.616636285517718,18.449000000000318,1117
17.616737115712876,18.737000000000325,1118
17.61695292607038,18.43300000000032,1119
17.617266457973944,18.417000000000318,1120
17.617577354322354,18.401000000000316,1121
17.617885995389884,18.385000000000318,1122
17.61819269034061,18.369000000000316,1123
17.618497693167697,18.353000000000314,1124
17.618801214459086,18.337000000000316,1125
17.619103430333862,18.321000000000314,1126
17.619404489208918,18.305000000000316,1127
17.619704517087374,18.289000000000314,1128
17.62000362162142,18.273000000000312,1129
17.62030189535063,18.257000000000314,1130
17.62059941830448,18.241000000000312,1131
17.620896260019617,18.225000000000314,1132
17.621192481242545,18.209000000000312,1133
17.62148813527236,18.19300000000031,1134
17.621783269077163,18.177000000000312,1135
17.622077924211514,18.16100000000031,1136
17.62237213759217,18.14500000000031,1137
17.622665942125543,18.12900000000031,1138
17.622959367251514,18.11300000000031,1139
17.6232524393826,18.09700000000031,1140
17.62354518229454,18.08100000000031,1141
17.623837617459866,18.065000000000307,1142
17.624129764315395,18.04900000000031,1143
17.624370304608703,18.721000000000327,1144
17.624421640490006,18.033000000000307,1145
17.624713262048335,18.01700000000031,1146
17.62500464364374,18.001000000000307,1147
17.625295798658904,17.985000000000305,1148
17.625586739382975,17.969000000000307,1149
17.62587747707994,17.953000000000305,1150
17.626168022132113,17.937000000000303,1151
17.626458384105998,17.921000000000305,1152
17.626748571838178,17.905000000000303,1153
17.62703859352877,17.889000000000305,1154
17.627328456767646,17.873000000000303,1155
17.627618168597905,17.8570000000003,1156
17.627907735596068,17.841000000000303,1157
17.62819716387502,17.8250000000003,1158
17.62848645914148,17.8090000000003,1159
17.628775626748876,17.7930000000003,1160
17.629064671692426,17.7770000000003,1161
17.62935359867225,17.7610000000003,1162
17.629642412098935,17.7450000000003,1163
17.62993111611221,17.729000000000298,1164
17.630219714633146,17.7130000000003,1165
17.630508211332625,17.697000000000298,1166
17.630796609697953,17.6810000000003,1167
17.631084913026463,17.665000000000298,1168
17.631373124436617,17.649000000000296,1169
17.631661246888825,17.633000000000298,1170
17.63194928319149,17.617000000000296,1171
17.632237236023876,17.601000000000294,1172
17.632525107913917,17.585000000000296,1173
17.632812901301445,17.569000000000294,1174
17.633100618496595,17.553000000000296,1175
17.63338826171881,17.537000000000294,1176
17.633675833091115,17.521000000000292,1177
17.633963334637983,17.505000000000294,1178
17.63425076831847,17.489000000000292,1179
17.634538135991104,17.473000000000294,1180
17.634825439475286,17.457000000000292,1181
17.635112680509675,17.44100000000029,1182
17.63539986076841,17.425000000000292,1183
17.635686981879825,17.40900000000029,1184
17.635974045427673,17.39300000000029,1185
17.63626105293365,17.37700000000029,1186
17.636548005871095,17.36100000000029,1187
17.636834905710046,17.34500000000029,1188
17.637121753855233,17.32900000000029,1189
17.63740855168819,17.313000000000287,1190
17.63769530058518,17.29700000000029,1191
17.637982001876296,17.281000000000287,1192
17.638268656891846,17.265000000000285,1193
17.63855526693239,17.249000000000287,1194
17.638841833323426,17.233000000000285,1195
17.6391283573603,17.217000000000287,1196
17.639414840361585,17.201000000000285,1197
17.639701283659427,17.185000000000283,1198
17.639987688616106,17.169000000000285,1199
17.64027405660957,17.153000000000283,1200
17.640560389068842,17.137000000000285,1201
17.640846687510756,17.121000000000283,1202
17.64113295351196,17.10500000000028,1203
17.641419188753847,17.089000000000283,1204
17.641705395086223,17.07300000000028,1205
17.64199157450286,17.05700000000028,1206
17.642277729247837,17.04100000000028,1207
17.642563861867327,17.02500000000028,1208
17.642849975311908,17.00900000000028,1209
17.643136073052027,16.99300000000028,1210
17.64342215929646,16.977000000000277,1211
17.643708239233096,16.96100000000028,1212
17.64399431945582,16.945000000000277,1213
17.64428040852977,16.929000000000276,1214
17.644566517995504,16.913000000000277,1215
17.644852663876264,16.897000000000276,1216
17.64513886933945,16.881000000000277,1217
17.645425169400518,16.865000000000276,1218
17.6457116200283,16.849000000000274,1219
17.645998316987615,16.833000000000276,1220
17.646285439623703,16.817000000000274,1221
17.64657336881651,16.801000000000275,1222
17.646863082831786,16.785000000000274,1223
17.647158090463524,16.769000000000272,1224
17.647487639156246,16.753000000000274,1225
17.647965293349806,16.72100000000027,1226
17.64826117476873,16.705000000000272,1227
17.648551035128875,16.68900000000027,1228
17.64883891816906,16.673000000000272,1229
17.64912590306472,16.65700000000027,1230
17.649412400739774,16.64100000000027,1231
17.649698602096244,16.62500000000027,1232
17.649984608101313,16.609000000000268,1233
17.65027047736053,16.59300000000027,1234
17.650556246402196,16.577000000000268,1235
17.650841939293816,16.561000000000266,1236
17.651127572666628,16.545000000000268,1237
17.651413158477045,16.529000000000266,1238
17.651698705625765,16.513000000000265,1239
17.651984220974896,16.497000000000266,1240
17.65226970993306,16.481000000000265,1241
17.652555176916085,16.465000000000266,1242
17.65284062559489,16.449000000000265,1243
17.653126059122098,16.433000000000263,1244
17.653411480227017,16.417000000000264,1245
17.653696891350407,16.401000000000263,1246
17.65398229472024,16.38500000000026,1247
17.654267692353557,16.369000000000263,1248
17.65455308618007,16.35300000000026,1249
17.654838477994865,16.337000000000263,1250
17.655123869557453,16.32100000000026,1251
17.655409262550766,16.30500000000026,1252
17.655694658622398,16.28900000000026,1253
17.655980059422884,16.27300000000026,1254
17.656265466563145,16.25700000000026,1255
17.656550881672118,16.24100000000026,1256
17.656836306381745,16.225000000000257,1257
17.65712174234426,16.20900000000026,1258
17.65740719123989,16.193000000000257,1259
17.657692654766908,16.177000000000255,1260
17.657978134681386,16.161000000000257,1261
17.658263632751023,16.145000000000255,1262
17.65854915081768,16.129000000000257,1263
17.658834690757573,16.113000000000255,1264
17.6591202545229,16.097000000000254,1265
17.659405844129697,16.081000000000255,1266
17.65969146164043,16.065000000000254,1267
17.659977109230574,16.049000000000255,1268
17.660262789124584,16.033000000000253,1269
17.66054850365489,16.01700000000025,1270
17.66083425524473,16.001000000000253,1271
17.661120046419896,15.985000000000252,1272
17.66140587982282,15.969000000000252,1273
17.661691758217334,15.953000000000252,1274
17.661977684489642,15.93700000000025,1275
17.662263661649906,15.92100000000025,1276
17.66254969289746,15.90500000000025,1277
17.662835781545258,15.88900000000025,1278
17.663121931114482,15.873000000000248,1279
17.66340814529547,15.857000000000248,1280
17.663694427968856,15.841000000000248,1281
17.663980783264098,15.825000000000248,1282
17.664267215494775,15.809000000000248,1283
17.66455372926073,15.793000000000246,1284
17.664840329429516,15.777000000000246,1285
17.665127021141757,15.761000000000246,1286
17.665413809886847,15.745000000000246,1287
17.66570070147246,15.729000000000244,1288
17.665987702098157,15.713000000000244,1289
17.666274818361963,15.697000000000244,1290
17.66656205731244,15.681000000000244,1291
17.66684942648671,15.665000000000243,1292
17.667136933945017,15.649000000000242,1293
17.66742458833344,15.633000000000242,1294
17.667712398928497,15.617000000000242,1295
17.668000375717543,15.60100000000024,1296
17.66828852943568,15.58500000000024,1297
17.66857687169493,15.56900000000024,1298
17.66886541502909,15.55300000000024,1299
17.66915417298453,15.537000000000239,1300
17.66944316030246,15.521000000000239,1301
17.669732392980706,15.505000000000239,1302
17.67002188843059,15.489000000000239,1303
17.67031166566376,15.473000000000239,1304
17.670601745472176,15.457000000000237,1305
17.670892150656574,15.441000000000237,1306
17.67118290623082,15.425000000000237,1307
17.671474039792688,15.409000000000237,1308
17.671765581791977,15.393000000000235,1309
17.672057565963094,15.377000000000235,1310
17.67235002972657,15.361000000000235,1311
17.67264301481976,15.345000000000235,1312
17.6729365678446,15.329000000000233,1313
17.67323074104421,15.313000000000233,1314
17.67352559321014,15.297000000000233,1315
17.67382119072546,15.281000000000233,1316
17.674117608865743,15.265000000000231,1317
17.67417529356878,14.769000000000219,1318
17.67441493331241,15.249000000000231,1319
17.67471326209542,15.233000000000231,1320
17.675012707853192,15.217000000000231,1321
17.675313400699867,15.201000000000231,1322
17.67561549179826,15.18500000000023,1323
17.67591915775496,15.16900000000023,1324
17.676224606318208,15.15300000000023,1325
17.676532083475667,15.13700000000023,1326
17.67684188283233,15.121000000000228,1327
17.67715435765837,15.105000000000228,1328
17.677469936938806,15.089000000000228,1329
17.677789146853097,15.073000000000228,1330
17.677945068239485,14.753000000000219,1331
17.67811263998637,15.057000000000226,1332
17.678441235804826,15.041000000000226,1333
17.678775977669435,15.025000000000226,1334
17.679118215072982,15.009000000000226,1335
17.67946972483563,14.993000000000224,1336
17.67966474183545,14.737000000000219,1337
17.679832894909243,14.977000000000224,1338
17.68021101203232,14.961000000000224,1339
17.680608728595015,14.945000000000224,1340
17.6807312017418,14.721000000000217,1341
17.68103285436591,14.929000000000224,1342
17.681493770913107,14.913000000000222,1343
17.681507628719665,14.705000000000217,1344
17.682008126711583,14.897000000000222,1345
17.682130152867693,14.689000000000217,1346
17.682604404840408,14.881000000000222,1347
17.682661267860684,14.673000000000217,1348
17.683133682439678,14.657000000000217,1349
17.683335705091245,14.865000000000222,1350
17.68356617405636,14.641000000000215,1351
17.683970291781602,14.625000000000215,1352
17.68431363684654,14.84900000000022,1353
17.684353529217987,14.609000000000215,1354
17.684720961150195,14.593000000000215,1355
17.685076146837066,14.577000000000213,1356
17.685421656707103,14.561000000000213,1357
17.685759393689494,14.545000000000213,1358
17.685819347249563,14.83300000000022,1359
17.686090796887846,14.529000000000213,1360
17.68641697499814,14.513000000000211,1361
17.68673879620048,14.497000000000211,1362
17.68705695021647,14.481000000000211,1363
17.687371992080333,14.465000000000211,1364
17.687684373698247,14.44900000000021,1365
17.68799446689334,14.43300000000021,1366
17.688302580566344,14.41700000000021,1367
17.688608973617526,14.40100000000021,1368
17.688820078111625,14.81700000000022,1369
17.688913864843034,14.38500000000021,1370
17.689217440555286,14.369000000000208,1371
17.689519860557052,14.353000000000208,1372
17.689821262823465,14.337000000000208,1373
17.690121767294887,14.321000000000208,1374
17.69042147883677,14.305000000000206,1375
17.690720489711996,14.289000000000206,1376
17.691018881546075,14.273000000000206,1377
17.691316726968683,14.257000000000206,1378
17.691614090965775,14.241000000000204,1379
17.691911031988603,14.225000000000204,1380
17.692207602931376,14.209000000000204,1381
17.692381079443233,10.993000000000118,1382
17.692503851877085,14.193000000000204,1383
17.692799822829222,14.177000000000202,1384
17.693095556226034,14.161000000000202,1385
17.69339108946882,14.145000000000202,1386
17.693686457335993,14.129000000000202,1387
17.693825603650684,12.833000000000167,1388
17.693981692359174,14.113000000000202,1389
17.6942768251443,14.0970000000002,1390
17.69457188465016,14.0810000000002,1391
17.694866898441106,14.0650000000002,1392
17.69516189292137,14.0490000000002,1393
17.695456893530405,14.033000000000198,1394
17.695751924905828,14.017000000000198,1395
17.696047011097384,14.001000000000198,1396
17.696342175680403,13.985000000000198,1397
17.696637441921318,13.969000000000197,1398
17.696932832919604,13.953000000000197,1399
17.69722837173414,13.937000000000197,1400
17.697524081472665,13.921000000000197,1401
17.69781998548941,13.905000000000195,1402
17.698116107440832,13.889000000000195,1403
17.6984124714621,13.873000000000195,1404
17.698709102241818,13.857000000000195,1405
17.699006025200813,13.841000000000195,1406
17.699303266579555,13.825000000000193,1407
17.699600853613266,13.809000000000193,1408
17.699898814645326,13.793000000000193,1409
17.70017389033513,14.80100000000022,1410
17.700197179317424,13.777000000000193,1411
17.70049597871334,13.761000000000191,1412
17.70079524553336,13.745000000000191,1413
17.701095014340677,13.729000000000191,1414
17.701245033629423,12.817000000000165,1415
17.701395321706908,13.713000000000191,1416
17.701696206483085,13.69700000000019,1417
17.701997710054922,13.68100000000019,1418
17.702299876634687,13.66500000000019,1419
17.702602753573778,13.64900000000019,1420
17.702906391708556,13.633000000000187,1421
17.703210845780543,13.617000000000187,1422
17.703516174881234,13.601000000000187,1423
17.70382244294103,13.585000000000187,1424
17.704129719320914,13.569000000000187,1425
17.70443807944952,13.553000000000186,1426
17.704747605595674,13.537000000000186,1427
17.70505838767735,13.521000000000186,1428
17.705217493165463,12.801000000000165,1429
17.705370524286298,13.505000000000186,1430
17.70568412377279,13.489000000000184,1431
17.70599930556854,13.473000000000184,1432
17.706316201711136,13.457000000000184,1433
17.706634958567907,13.441000000000184,1434
17.706955738964375,13.425000000000182,1435
17.70727872455293,13.409000000000182,1436
17.70760411872286,13.393000000000182,1437
17.707750515639276,12.785000000000165,1438
17.70793215001448,13.377000000000182,1439
17.70826307617721,13.36100000000018,1440
17.70859718903954,13.34500000000018,1441
17.708934820451994,13.32900000000018,1442
17.709276349410874,13.31300000000018,1443
17.709548323254435,12.769000000000165,1444
17.70962221085259,13.29700000000018,1445
17.709972906415686,13.281000000000178,1446
17.71032901784195,13.265000000000178,1447
17.71069122369275,13.249000000000178,1448
17.710920678420297,12.753000000000164,1449
17.71106032046395,13.233000000000178,1450
17.711437249473946,13.217000000000176,1451
17.71159599215959,10.977000000000116,1452
17.711823131444188,13.201000000000176,1453
17.71202492429296,12.737000000000164,1454
17.71221931147215,13.185000000000176,1455
17.712627418295163,13.169000000000176,1456
17.712949403956483,12.721000000000164,1457
17.71304944332631,13.153000000000175,1458
17.71348784767899,13.137000000000175,1459
17.71374752785529,12.705000000000163,1460
17.71394570947239,13.121000000000175,1461
17.71442693030554,13.105000000000175,1462
17.71445348005376,12.689000000000163,1463
17.714936530491837,13.089000000000173,1464
17.715090152796087,12.673000000000162,1465
17.715481081112078,13.073000000000173,1466
17.715673452500223,12.657000000000162,1467
17.716069352987788,13.057000000000173,1468
17.716214775542273,12.641000000000162,1469
17.716713321198334,13.041000000000173,1470
17.716722501119374,12.625000000000162,1471
17.717202928104793,12.60900000000016,1472
17.71742977481882,13.025000000000173,1473
17.717660883339434,12.59300000000016,1474
17.718100128302662,12.57700000000016,1475
17.718243005044215,13.00900000000017,1476
17.718523638146745,12.56100000000016,1477
17.718933797337662,12.545000000000158,1478
17.71918951878615,12.99300000000017,1479
17.71933253979006,12.529000000000158,1480
17.719721450845064,12.513000000000158,1481
17.7201018428562,12.497000000000158,1482
17.720326812122572,12.97700000000017,1483
17.720474811908097,12.481000000000156,1484
17.720841280993426,12.465000000000156,1485
17.721094591220403,10.961000000000116,1486
17.721202033270867,12.449000000000156,1487
17.721557737958687,12.433000000000156,1488
17.721750958547915,12.96100000000017,1489
17.721908970713258,12.417000000000156,1490
17.722256229795196,12.401000000000154,1491
17.72259994904311,12.385000000000154,1492
17.722940508337743,12.369000000000154,1493
17.7232782420874,12.353000000000154,1494
17.723613446241046,12.337000000000153,1495
17.723635392458817,12.945000000000169,1496
17.723946384036893,12.321000000000152,1497
17.72427729077191,12.305000000000152,1498
17.724606377811124,12.289000000000152,1499
17.72493383594917,12.27300000000015,1500
17.72525983824341,12.25700000000015,1501
17.725584542422855,12.24100000000015,1502
17.72590809296158,12.22500000000015,1503
17.726230622860587,12.209000000000149,1504
17.72632803268465,12.929000000000169,1505
17.726552255167107,12.193000000000149,1506
17.7267932634871,10.945000000000116,1507
17.726873104312826,12.177000000000149,1508
17.727193277294052,12.161000000000149,1509
17.727512874706765,12.145000000000149,1510
17.727831991624456,12.129000000000147,1511
17.728150718453428,12.113000000000147,1512
17.72846914162987,12.097000000000147,1513
17.72878734431114,12.081000000000147,1514
17.72910540698675,12.065000000000145,1515
17.729423408029017,12.049000000000145,1516
17.729741424212595,12.033000000000145,1517
17.73005953123116,12.017000000000145,1518
17.730377804170836,12.001000000000143,1519
17.730631954999637,10.929000000000116,1520
17.7306424486655,12.913000000000169,1521
17.730696317962014,11.985000000000143,1522
17.73101514782907,11.969000000000143,1523
17.731334369762756,11.953000000000143,1524
17.731654060938745,11.937000000000141,1525
17.73197430021439,11.921000000000141,1526
17.732295168560736,11.905000000000141,1527
17.73261674958245,11.889000000000141,1528
17.732939130056508,11.873000000000141,1529
17.73326240043161,11.85700000000014,1530
17.73342541591305,10.913000000000114,1531
17.733586655477897,11.84100000000014,1532
17.733911994886085,11.82500000000014,1533
17.734238524008397,11.80900000000014,1534
17.734566354600886,11.793000000000138,1535
17.73489560568374,11.777000000000138,1536
17.735226404486102,11.761000000000138,1537
17.735558887505313,11.745000000000138,1538
17.735574063005988,10.897000000000114,1539
17.735893201710013,11.729000000000136,1540
17.736229505845227,11.713000000000136,1541
17.73656797200426,11.697000000000136,1542
17.73690878730548,11.681000000000136,1543
17.737252155900823,11.665000000000134,1544
17.73729724602974,10.881000000000114,1545
17.73759830125517,11.649000000000134,1546
17.73794746873555,11.633000000000134,1547
17.738299928683542,11.617000000000134,1548
17.7386559799195,11.601000000000134,1549
17.73872507222737,10.865000000000114,1550
17.739010621136924,12.897000000000169,1551
17.739015953875654,11.585000000000132,1552
17.739380219422014,11.569000000000132,1553
17.73974918857679,11.553000000000132,1554
17.739939555007226,10.849000000000112,1555
17.740123323276567,11.537000000000132,1556
17.74050314339441,11.52100000000013,1557
17.74088923641434,11.50500000000013,1558
17.740994937147576,10.833000000000112,1559
17.74128226899922,11.48900000000013,1560
17.741683001113174,11.47300000000013,1561
17.741928519100444,10.817000000000112,1562
17.742092303099508,11.457000000000129,1563
17.742511176831506,11.441000000000129,1564
17.742766790537218,10.801000000000112,1565
17.74294078169676,11.425000000000129,1566
17.743382467122533,11.409000000000129,1567
17.74352908022237,10.785000000000112,1568
17.74383781346482,11.393000000000127,1569
17.74422982147425,10.76900000000011,1570
17.744308683813234,11.377000000000127,1571
17.744797290494663,11.361000000000127,1572
17.74488000908829,10.75300000000011,1573
17.7453062811548,11.345000000000127,1574
17.745488165420614,10.73700000000011,1575
17.745838851657112,11.329000000000127,1576
17.74606099817692,10.72100000000011,1577
17.746398895986477,11.313000000000125,1578
17.746603858871232,10.705000000000108,1579
17.74699120809684,11.297000000000125,1580
17.747121069012003,10.689000000000108,1581
17.747616156507267,10.673000000000108,1582
17.74762175813141,11.281000000000125,1583
17.748092029804976,10.657000000000108,1584
17.748298076787695,11.265000000000125,1585
17.74855110814986,10.641000000000107,1586
17.748995420265825,10.625000000000107,1587
17.749029801041754,11.249000000000123,1588
17.749426680120997,10.609000000000107,1589
17.74982946561958,11.233000000000123,1590
17.74984634566578,10.593000000000107,1591
17.750255664961706,10.577000000000105,1592
17.75065571260277,10.561000000000105,1593
17.750713680309456,11.217000000000123,1594
17.751047418881456,10.545000000000105,1595
17.751431593200532,10.529000000000105,1596
17.751704931033114,11.201000000000123,1597
17.75180894311965,10.513000000000105,1598
17.75218008989483,10.497000000000103,1599
17.752545581228983,10.481000000000103,1600
17.752834427719513,11.185000000000121,1601
17.752905901866935,10.465000000000103,1602
17.753261482399218,10.449000000000103,1603
17.75361270660761,10.433000000000101,1604
17.753959917663366,10.417000000000101,1605
17.754146783298744,11.169000000000121,1606
17.75430342337467,10.401000000000101,1607
17.75464350063861,10.385000000000101,1608
17.754980399200175,10.3690000000001,1609
17.755314344933073,10.3530000000001,1610
17.755645542613166,10.3370000000001,1611
17.755708059448057,11.153000000000121,1612
17.755974178330913,10.3210000000001,1613
17.756300421581436,10.305000000000097,1614
17.756624427067695,10.289000000000097,1615
17.75694633629512,10.273000000000097,1616
17.75726627894571,10.257000000000097,1617
17.757584374083823,10.241000000000097,1618
17.75762038273162,11.137000000000121,1619
17.757900731220168,10.225000000000096,1620
17.758215451284684,10.209000000000096,1621
17.75852862739336,10.193000000000096,1622
17.758840345653237,10.177000000000096,1623
17.759150685766535,10.161000000000094,1624
17.759459721645797,10.145000000000094,1625
17.75976752191312,10.129000000000094,1626
17.760050353098993,11.12100000000012,1627
17.76007415037332,10.113000000000094,1628
17.760379666423052,10.097000000000092,1629
17.76068412545924,10.081000000000092,1630
17.76098757913634,10.065000000000092,1631
17.761290075765437,10.049000000000092,1632
17.761591660531057,10.03300000000009,1633
17.761892375751962,10.01700000000009,1634
17.76219226109285,10.00100000000009,1635
17.76249135380091,9.98500000000009,1636
17.762789688851182,9.96900000000009,1637
17.763019336988393,12.881000000000167,1638
17.763087299141258,9.953000000000088,1639
17.76328917813158,11.10500000000012,1640
17.76338421564798,9.937000000000088,1641
17.763680467537725,9.921000000000088,1642
17.763976082331475,9.905000000000088,1643
17.764271085999304,9.889000000000086,1644
17.76456550306601,9.873000000000086,1645
17.76485935673454,9.857000000000086,1646
17.765152668935094,9.841000000000086,1647
17.765445460442137,9.825000000000085,1648
17.765737750958614,9.809000000000085,1649
17.766029559139568,9.793000000000085,1650
17.76632090271292,9.777000000000085,1651
17.76661179850248,9.761000000000083,1652
17.76690226248384,9.745000000000083,1653
17.767192309871394,9.729000000000083,1654
17.76748195512589,9.713000000000083,1655
17.767771212019582,9.697000000000081,1656
17.767894959368615,11.08900000000012,1657
17.768060093670663,9.68100000000008,1658
17.768348612603315,9.66500000000008,1659
17.768636780730436,9.64900000000008,1660
17.768924609448586,9.63300000000008,1661
17.769212109618532,9.617000000000079,1662
17.76949929163619,9.601000000000079,1663
17.769786165432297,9.585000000000079,1664
17.770072740499185,9.569000000000079,1665
17.770359025924556,9.553000000000077,1666
17.770645030415587,9.537000000000077,1667
17.770930762301962,9.521000000000077,1668
17.771216229565987,9.505000000000077,1669
17.771501439865535,9.489000000000075,1670
17.77178640054147,9.473000000000075,1671
17.772071118645034,9.457000000000075,1672
17.77235560094882,9.441000000000075,1673
17.772639853946664,9.425000000000074,1674
17.772923883874647,9.409000000000074,1675
17.773207696747523,9.393000000000074,1676
17.77349129832392,9.377000000000073,1677
17.773774694171628,9.361000000000073,1678
17.774057889618025,9.345000000000072,1679
17.77434088981928,9.329000000000072,1680
17.774623699734192,9.313000000000072,1681
17.774906324118497,9.297000000000072,1682
17.775084623303762,11.07300000000012,1683
17.775188767591754,9.28100000000007,1684
17.775471034578004,9.26500000000007,1685
17.775753129363512,9.24900000000007,1686
17.776035056065265,9.23300000000007,1687
17.776316818681845,9.217000000000068,1688
17.7765984210611,9.201000000000068,1689
17.776879866908068,9.185000000000068,1690
17.7771611598088,9.169000000000068,1691
17.777442303242566,9.153000000000066,1692
17.777723300558755,9.137000000000066,1693
17.77800415499504,9.121000000000066,1694
17.77828486969288,9.105000000000066,1695
17.778565447693186,9.089000000000066,1696
17.77884589191651,9.073000000000064,1697
17.77912620521446,9.057000000000064,1698
17.779406390334465,9.041000000000064,1699
17.77968644994949,9.025000000000064,1700
17.77996638663529,9.009000000000063,1701
17.780246202904298,8.993000000000062,1702
17.780525901186845,8.977000000000062,1703
17.78080548382125,8.961000000000062,1704
17.78108495310289,8.94500000000006,1705
17.78136431123745,8.92900000000006,1706
17.781643560381045,8.91300000000006,1707
17.781922702612302,8.89700000000006,1708
17.782201739965693,8.881000000000059,1709
17.78248067440011,8.865000000000059,1710
17.782759507825784,8.849000000000059,1711
17.783038242100332,8.833000000000059,1712
17.78331687901706,8.817000000000059,1713
17.783595420338294,8.801000000000057,1714
17.783873867758942,8.785000000000057,1715
17.78415222295051,8.769000000000057,1716
17.784430487510647,8.753000000000057,1717
17.784708663003272,8.737000000000055,1718
17.78498675096146,8.721000000000055,1719
17.785264752870468,8.705000000000055,1720
17.785542670164386,8.689000000000055,1721
17.785820504255124,8.673000000000053,1722
17.78609825651091,8.657000000000053,1723
17.786375928269425,8.641000000000053,1724
17.786653520818202,8.625000000000053,1725
17.786931035432612,8.609000000000052,1726
17.787208473337003,8.593000000000051,1727
17.787485835737606,8.577000000000051,1728
17.787763123807725,8.561000000000051,1729
17.78804033868429,8.545000000000051,1730
17.788080047299573,11.05700000000012,1731
17.78831748148786,8.52900000000005,1732
17.7885945532928,8.51300000000005,1733
17.78887155517042,8.49700000000005,1734
17.789148488142718,8.48100000000005,1735
17.789425353236012,8.465000000000048,1736
17.789702151420475,8.449000000000048,1737
17.789978883658968,8.433000000000048,1738
17.790255550900625,8.417000000000048,1739
17.79053215404812,8.401000000000046,1740
17.790808694001345,8.385000000000046,1741
17.79108517163099,8.369000000000046,1742
17.79136158779151,8.353000000000046,1743
17.791637943322296,8.337000000000044,1744
17.791914239034025,8.321000000000044,1745
17.792190475724965,8.305000000000044,1746
17.79246665417077,8.289000000000044,1747
17.79274277513502,8.273000000000044,1748
17.79301883936258,8.257000000000042,1749
17.79329484758058,8.241000000000042,1750
17.793570800507194,8.225000000000042,1751
17.793846698822726,8.209000000000042,1752
17.79412254323125,8.19300000000004,1753
17.79439833437474,8.17700000000004,1754
17.794674072922636,8.16100000000004,1755
17.794949759508427,8.14500000000004,1756
17.79522539474994,8.129000000000039,1757
17.79550097926766,8.113000000000039,1758
17.795776513660684,8.097000000000039,1759
17.79605199851338,8.081000000000039,1760
17.79632743439418,8.065000000000037,1761
17.796602821874025,8.049000000000037,1762
17.796878161499553,8.033000000000037,1763
17.79715345381225,8.017000000000037,1764
17.797428699342756,8.001000000000037,1765
17.79770389860948,7.985000000000036,1766
17.79797905211656,7.969000000000035,1767
17.79825416035546,7.953000000000035,1768
17.79852922383574,7.937000000000034,1769
17.798804243014473,7.921000000000034,1770
17.799079218367673,7.905000000000033,1771
17.799354150352595,7.889000000000033,1772
17.799629039430034,7.873000000000032,1773
17.799903886039477,7.857000000000032,1774
17.800178690605897,7.841000000000031,1775
17.80045345356201,7.825000000000031,1776
17.8007281753265,7.80900000000003,1777
17.801002856306642,7.79300000000003,1778
17.801277496906277,7.7770000000000294,1779
17.801552097517657,7.761000000000029,1780
17.80182665854315,7.745000000000029,1781
17.802101180333253,7.7290000000000285,1782
17.802375663286895,7.7130000000000285,1783
17.802650107764222,7.697000000000028,1784
17.802924514117116,7.681000000000028,1785
17.803198882708635,7.665000000000027,1786
17.803473213880956,7.649000000000027,1787
17.803747507981853,7.633000000000026,1788
17.804021765331395,7.617000000000026,1789
17.804295986278607,7.601000000000025,1790
17.804570171134802,7.585000000000025,1791
17.804844320221108,7.569000000000024,1792
17.805118433848698,7.553000000000024,1793
17.80539251232125,7.537000000000023,1794
17.80566655595207,7.521000000000023,1795
17.80594056502234,7.505000000000022,1796
17.806214539835675,7.489000000000022,1797
17.80648848067193,7.473000000000021,1798
17.806762387808543,7.457000000000021,1799
17.807036261536375,7.441000000000021,1800
17.807310102112865,7.42500000000002,1801
17.807583909820774,7.40900000000002,1802
17.807857684907635,7.393000000000019,1803
17.80813142764165,7.377000000000019,1804
17.80840513828349,7.361000000000018,1805
17.80867881707451,7.345000000000018,1806
17.808952464262674,7.3290000000000175,1807
17.809226080093257,7.3130000000000175,1808
17.80949966481286,7.297000000000017,1809
17.809773218641265,7.281000000000017,1810
17.810046741818223,7.265000000000016,1811
17.810320234567147,7.249000000000016,1812
17.810593697117792,7.233000000000015,1813
17.810867129687395,7.217000000000015,1814
17.811140532493944,7.201000000000014,1815
17.811413905760034,7.185000000000014,1816
17.811687249679682,7.169000000000014,1817
17.811960564468695,7.153000000000013,1818
17.812233850336142,7.137000000000013,1819
17.812507107476627,7.121000000000012,1820
17.812780336091503,7.105000000000012,1821
17.81305353636882,7.089000000000011,1822
17.813326708524304,7.073000000000011,1823
17.813599852719165,7.05700000000001,1824
17.813872969148562,7.04100000000001,1825
17.814146058005605,7.025000000000009,1826
17.81441911945959,7.009000000000009,1827
17.81469215369528,6.993000000000008,1828
17.814965160883634,6.977000000000008,1829
17.815238141213154,6.961000000000007,1830
17.81551109483533,6.945000000000007,1831
17.815784021928973,6.9290000000000065,1832
17.816056922662366,6.9130000000000065,1833
17.81632979718976,6.8970000000000065,1834
17.816602645680913,6.881000000000006,1835
17.81687546829077,6.8650000000000055,1836
17.81714826518886,6.849000000000005,1837
17.817421036511327,6.833000000000005,1838
17.817693782416058,6.817000000000004,1839
17.817966503062685,6.801000000000004,1840
17.81823919858505,6.785000000000003,1841
17.81851186914029,6.769000000000003,1842
17.818653607834936,11.041000000000118,1843
17.81878451486944,6.753000000000002,1844
17.819057135921962,6.737000000000002,1845
17.81932973242787,6.721000000000001,1846
17.8196023045334,6.705000000000001,1847
17.81987485236919,6.689,1848
17.820147376073503,6.673,1849
17.82041987578141,6.656999999999999,1850
17.820692351617954,6.640999999999999,1851
17.82096480373201,6.624999999999999,1852
17.821237232229446,6.608999999999998,1853
17.821509637242595,6.592999999999998,1854
17.82178201890082,6.576999999999997,1855
17.822054377316512,6.560999999999997,1856
17.82232671262578,6.544999999999996,1857
17.822599024944086,6.528999999999996,1858
17.822871314389328,6.5129999999999955,1859
17.82314358107668,6.4969999999999954,1860
17.82341582511793,6.4809999999999945,1861
17.823688046635514,6.4649999999999945,1862
17.823960245737684,6.448999999999994,1863
17.824232422535548,6.432999999999994,1864
17.82450457714152,6.416999999999993,1865
17.824776709665837,6.400999999999993,1866
17.825048820214054,6.384999999999992,1867
17.825320908888802,6.368999999999992,1868
17.82559297579385,6.352999999999992,1869
17.825865021030562,6.336999999999991,1870
17.826137044709153,6.320999999999991,1871
17.826409046930728,6.30499999999999,1872
17.826681027791345,6.28899999999999,1873
17.826952987383564,6.272999999999989,1874
17.827224925814324,6.256999999999989,1875
17.827496843180395,6.240999999999988,1876
17.82776873956488,6.224999999999988,1877
17.828040615074755,6.208999999999987,1878
17.828312469796607,6.192999999999987,1879
17.82858430382991,6.176999999999986,1880
17.82885611725289,6.160999999999986,1881
17.829127910158007,6.144999999999985,1882
17.829399682642023,6.128999999999985,1883
17.829671434779844,6.1129999999999844,1884
17.82994316666977,6.096999999999984,1885
17.830214878397474,6.0809999999999835,1886
17.830486570041067,6.0649999999999835,1887
17.830758241687032,6.0489999999999835,1888
17.83102989342068,6.032999999999983,1889
17.831301525319194,6.016999999999983,1890
17.831573137460513,6.000999999999982,1891
17.831844729935817,5.984999999999982,1892
17.83211630281737,5.968999999999981,1893
17.83238785619008,5.952999999999981,1894
17.832659390122853,5.93699999999998,1895
17.832930904695036,5.92099999999998,1896
17.833202399985417,5.904999999999979,1897
17.833473876057273,5.888999999999979,1898
17.833745332997342,5.872999999999978,1899
17.83401677088446,5.856999999999978,1900
17.83428818977818,5.840999999999977,1901
17.83455958975143,5.824999999999977,1902
17.834830970880212,5.808999999999976,1903
17.83510233323508,5.792999999999976,1904
17.835373676881492,5.776999999999976,1905
17.83564500189074,5.760999999999975,1906
17.83591630833377,5.744999999999975,1907
17.83618759628297,5.728999999999974,1908
17.83645886579292,5.712999999999974,1909
17.836730116934127,5.696999999999973,1910
17.837001349771814,5.680999999999973,1911
17.837272564366042,5.664999999999973,1912
17.83754376078747,5.648999999999973,1913
17.83781493910731,5.632999999999973,1914
17.838086099376625,5.616999999999974,1915
17.8383572416568,5.600999999999974,1916
17.838628366012035,5.584999999999974,1917
17.838899472516722,5.568999999999974,1918
17.839170561208338,5.552999999999975,1919
17.839441632155772,5.536999999999975,1920
17.839712685424335,5.520999999999975,1921
17.839983721073555,5.504999999999975,1922
17.840254739155352,5.488999999999976,1923
17.8405257397264,5.472999999999976,1924
17.840796722845642,5.456999999999976,1925
17.841067688567644,5.440999999999976,1926
17.84133863694427,5.424999999999977,1927
17.841609568044586,5.408999999999977,1928
17.84188048191349,5.392999999999977,1929
17.842151378607944,5.376999999999977,1930
17.84242225818011,5.360999999999977,1931
17.842693120688363,5.3449999999999775,1932
17.842963966183085,5.3289999999999775,1933
17.84323479470111,5.3129999999999775,1934
17.84350560631965,5.2969999999999775,1935
17.84377640107782,5.280999999999978,1936
17.844047179029072,5.264999999999978,1937
17.84431794022079,5.248999999999978,1938
17.84458868470431,5.232999999999978,1939
17.844859412528386,5.216999999999979,1940
17.84513012373595,5.200999999999979,1941
17.84540081839102,5.184999999999979,1942
17.84567149652932,5.168999999999979,1943
17.845942158200394,5.15299999999998,1944
17.846212803455536,5.13699999999998,1945
17.846483432341127,5.12099999999998,1946
17.846754044903278,5.10499999999998,1947
17.847024641184657,5.088999999999981,1948
17.847295221232848,5.072999999999981,1949
17.847565785096066,5.056999999999981,1950
17.847836332818762,5.040999999999981,1951
17.848106864444283,5.024999999999981,1952
17.848377380013584,5.008999999999982,1953
17.84864787957408,4.992999999999982,1954
17.848918363159804,4.976999999999982,1955
17.84918883083297,4.960999999999982,1956
17.849459282615523,4.9449999999999825,1957
17.84972971856183,4.9289999999999825,1958
17.850000138716304,4.9129999999999825,1959
17.850270543112547,4.8969999999999825,1960
17.850540931793173,4.880999999999983,1961
17.8508113048015,4.864999999999983,1962
17.851081662178363,4.848999999999983,1963
17.851352003965836,4.832999999999983,1964
17.85162233019925,4.816999999999984,1965
17.851892640921758,4.800999999999984,1966
17.852162936166064,4.784999999999984,1967
17.85243321597818,4.768999999999984,1968
17.85270348038875,4.752999999999984,1969
17.852973729448085,4.736999999999985,1970
17.85324396318341,4.720999999999985,1971
17.853514181642755,4.704999999999985,1972
17.853784384852414,4.688999999999985,1973
17.854054572856104,4.672999999999986,1974
17.854324745684323,4.656999999999986,1975
17.854594903381642,4.640999999999986,1976
17.854865045987093,4.624999999999986,1977
17.85513517352239,4.608999999999987,1978
17.855405286035936,4.592999999999987,1979
17.85567538355518,4.576999999999987,1980
17.855945466123586,4.560999999999987,1981
17.856215533768747,4.5449999999999875,1982
17.856485586519476,4.5289999999999875,1983
17.856755624424014,4.5129999999999875,1984
17.85702564750968,4.4969999999999875,1985
17.857295655811058,4.480999999999988,1986
17.85756564936437,4.464999999999988,1987
17.85783562819677,4.448999999999988,1988
17.858105592344106,4.432999999999988,1989
17.85837554183768,4.416999999999988,1990
17.8586454767174,4.400999999999989,1991
17.858915397007618,4.384999999999989,1992
17.859185302748003,4.368999999999989,1993
17.85945519396281,4.352999999999989,1994
17.85972507068627,4.33699999999999,1995
17.859994932946414,4.32099999999999,1996
17.86026478077392,4.30499999999999,1997
17.860534614212032,4.28899999999999,1998
17.860804433275675,4.272999999999991,1999
17.861074238007536,4.256999999999991,2000
17.861344028433567,4.240999999999991,2001
17.86161380457906,4.224999999999991,2002
17.861883566481872,4.208999999999992,2003
17.862153314159965,4.192999999999992,2004
17.862423047657394,4.176999999999992,2005
17.862692766997057,4.160999999999992,2006
17.86296247220766,4.1449999999999925,2007
17.86323216331718,4.1289999999999925,2008
17.863501840353443,4.112999999999992,2009
17.863771503347664,4.096999999999992,2010
17.8640411523168,4.080999999999992,2011
17.86431078730933,4.064999999999993,2012
17.864580408339005,4.048999999999993,2013
17.8648500154346,4.032999999999993,2014
17.865119608629875,4.016999999999993,2015
17.86538918794279,4.000999999999994,2016
17.86565875340768,3.984999999999994,2017
17.865928305043838,3.968999999999994,2018
17.86619784289084,3.9529999999999945,2019
17.866467366969488,3.9369999999999945,2020
17.86673687730267,3.920999999999995,2021
17.86700637392125,3.904999999999995,2022
17.867275856842557,3.8889999999999953,2023
17.86754532610089,3.8729999999999953,2024
17.86781478171182,3.8569999999999958,2025
17.86808422371599,3.8409999999999958,2026
17.868353652129095,3.824999999999996,2027
17.8686230669759,3.808999999999996,2028
17.868892468289204,3.792999999999996,2029
17.869161856083053,3.7769999999999966,2030
17.86943123038784,3.7609999999999966,2031
17.869700591227893,3.744999999999997,2032
17.86996993862935,3.728999999999997,2033
17.87023927261851,3.7129999999999974,2034
17.870508593211273,3.6969999999999974,2035
17.87077790043854,3.680999999999998,2036
17.87104719431728,3.664999999999998,2037
17.871316474877077,3.6489999999999982,2038
17.871585742131817,3.6329999999999982,2039
17.87185499612408,3.6169999999999987,2040
17.872124236858642,3.6009999999999986,2041
17.87239346436765,3.584999999999999,2042
17.872662678677013,3.568999999999999,2043
17.872931879791214,3.5529999999999995,2044
17.87320106775412,3.5369999999999995,2045
17.873470242578133,3.521,2046
17.873739404291506,3.505,2047
17.874008552909352,3.4890000000000003,2048
17.874277688457212,3.4730000000000003,2049
17.874546810961284,3.4570000000000003,2050
17.87481592043248,3.4410000000000007,2051
17.87508501689952,3.4250000000000007,2052
17.875354100380424,3.409000000000001,2053
17.875623170905957,3.393000000000001,2054
17.875892228487544,3.3770000000000016,2055
17.87616127315033,3.3610000000000015,2056
17.87643030491561,3.345000000000002,2057
17.87669932379854,3.329000000000002,2058
17.87696832982996,3.3130000000000024,2059
17.877237323023436,3.2970000000000024,2060
17.87750630340598,3.281000000000003,2061
17.877775270991098,3.265000000000003,2062
17.87804422580359,3.249000000000003,2063
17.878313167866196,3.233000000000003,2064
17.878582097184985,3.2170000000000036,2065
17.878851013795842,3.2010000000000036,2066
17.879119917706298,3.185000000000004,2067
17.879388808946025,3.169000000000004,2068
17.8796576875337,3.153000000000004,2069
17.879926553485028,3.1370000000000045,2070
17.880195406819464,3.1210000000000044,2071
17.88046424755596,3.105000000000005,2072
17.880733075717135,3.089000000000005,2073
17.881001891322306,3.0730000000000053,2074
17.88127069438718,3.0570000000000053,2075
17.88153948493443,3.0410000000000057,2076
17.881808262985604,3.0250000000000057,2077
17.88207702855097,3.009000000000006,2078
17.882345781643842,2.993000000000006,2079
17.882614522296155,2.9770000000000065,2080
17.8828832505246,2.9610000000000065,2081
17.88315196634043,2.945000000000007,2082
17.883420669769,2.929000000000007,2083
17.883689360827617,2.9130000000000074,2084
17.88395803953406,2.8970000000000073,2085
17.884226705895074,2.8810000000000078,2086
17.8844953599413,2.8650000000000078,2087
17.884764001690407,2.849000000000008,2088
17.885032631158047,2.8330000000000077,2089
17.885301248360143,2.8170000000000077,2090
17.88556985331335,2.8010000000000077,2091
17.88583844604082,2.7850000000000077,2092
17.886107026548157,2.7690000000000072,2093
17.88637559486274,2.753000000000007,2094
17.886644150994638,2.737000000000007,2095
17.886912694968956,2.721000000000007,2096
17.887181226800642,2.7050000000000067,2097
17.887449746503208,2.6890000000000067,2098
17.887718254097166,2.6730000000000067,2099
17.887986749590507,2.6570000000000067,2100
17.888255233009694,2.6410000000000062,2101
17.888523704368044,2.625000000000006,2102
17.888792163685974,2.609000000000006,2103
17.889060610970734,2.593000000000006,2104
17.889329046249955,2.577000000000006,2105
17.889597469532077,2.5610000000000057,2106
17.88986588082881,2.5450000000000057,2107
17.890134280165487,2.5290000000000057,2108
17.8904026675535,2.5130000000000057,2109
17.89067104300715,2.497000000000005,2110
17.89093940655419,2.481000000000005,2111
17.891207758194746,2.465000000000005,2112
17.891476097956094,2.449000000000005,2113
17.891744425842358,2.4330000000000047,2114
17.892012741876734,2.4170000000000047,2115
17.89228104607722,2.4010000000000047,2116
17.892549338457364,2.3850000000000047,2117
17.892817619023166,2.369000000000004,2118
17.893085887806865,2.353000000000004,2119
17.8933541448118,2.337000000000004,2120
17.89362239005547,2.321000000000004,2121
17.89389062354474,2.305000000000004,2122
17.894158845305885,2.2890000000000037,2123
17.894427055354214,2.2730000000000037,2124
17.894695253701506,2.2570000000000037,2125
17.894963440359042,2.2410000000000037,2126
17.89523161534819,2.225000000000003,2127
17.89549977867291,2.209000000000003,2128
17.895767930356214,2.193000000000003,2129
17.896036070417505,2.177000000000003,2130
17.896304198861657,2.1610000000000027,2131
17.89657231570387,2.1450000000000027,2132
17.89684042096399,2.1290000000000027,2133
17.897108514656264,2.1130000000000027,2134
17.89737659678606,2.0970000000000026,2135
17.897644667372052,2.081000000000002,2136
17.89791272643263,2.065000000000002,2137
17.898180773973273,2.049000000000002,2138
17.898448810018344,2.033000000000002,2139
17.898716834574874,2.0170000000000017,2140
17.898984847659925,2.0010000000000017,2141
17.899252849283812,1.9850000000000017,2142
17.899520839457562,1.9690000000000014,2143
17.89978881820342,1.9530000000000014,2144
17.900056785532943,1.9370000000000012,2145
17.900324741455744,1.9210000000000012,2146
17.900592685989533,1.905000000000001,2147
17.900860619146943,1.889000000000001,2148
17.90112854093382,1.8730000000000007,2149
17.901396451367884,1.8570000000000007,2150
17.901664350467495,1.8410000000000006,2151
17.901932238235048,1.8250000000000004,2152
17.902200114700083,1.8090000000000004,2153
17.902467979861058,1.7930000000000001,2154
17.90273583374184,1.7770000000000001,2155
17.903003676338276,1.761,2156
17.903271507682494,1.7449999999999999,2157
17.903539327780287,1.7289999999999996,2158
17.903807136638136,1.7129999999999996,2159
17.90407493427639,1.6969999999999994,2160
17.90434272071417,1.6809999999999994,2161
17.9046104959509,1.6649999999999991,2162
17.904878260002807,1.6489999999999991,2163
17.90514601287998,1.632999999999999,2164
17.905413754601433,1.6169999999999989,2165
17.905681485172543,1.6009999999999989,2166
17.90594920461388,1.5849999999999986,2167
17.906216912935747,1.5689999999999986,2168
17.90648461014615,1.5529999999999984,2169
17.906752296255284,1.5369999999999984,2170
17.90701997128284,1.5209999999999981,2171
17.907287635241747,1.5049999999999981,2172
17.907555288133658,1.4889999999999979,2173
17.907822929983777,1.4729999999999979,2174
17.908090560797948,1.4569999999999976,2175
17.908358180583047,1.4409999999999976,2176
17.908625789357448,1.4249999999999974,2177
17.908893387133386,1.4089999999999976,2178
17.909160973914226,1.3929999999999976,2179
17.909428549716345,1.3769999999999976,2180
17.909696114559623,1.3609999999999975,2181
17.909963668446675,1.3449999999999978,2182
17.91023121139269,1.3289999999999977,2183
17.910498743406006,1.3129999999999977,2184
17.91076626449974,1.2969999999999977,2185
17.91103377469097,1.280999999999998,2186
17.911301273983735,1.264999999999998,2187
17.911568762388097,1.248999999999998,2188
17.911836239935848,1.2329999999999979,2189
17.91210370660486,1.216999999999998,2190
17.912371162429,1.200999999999998,2191
17.912638607414642,1.184999999999998,2192
17.912906041569684,1.168999999999998,2193
17.913173464901917,1.152999999999998,2194
17.913440877439236,1.1369999999999982,2195
17.91370827918239,1.1209999999999982,2196
17.91397567013638,1.1049999999999982,2197
17.914243050320486,1.0889999999999982,2198
17.914510419736693,1.0729999999999984,2199
17.914777778410933,1.0569999999999984,2200
17.915045126345987,1.0409999999999984,2201
17.915312463546666,1.0249999999999984,2202
17.915579790039388,1.0089999999999986,2203
17.915847105813537,0.9929999999999986,2204
17.916114410897478,0.9769999999999985,2205
17.916381705291784,0.9609999999999986,2206
17.916648989012536,0.9449999999999986,2207
17.916916262065484,0.9289999999999987,2208
17.917183524469007,0.9129999999999987,2209
17.917450776230925,0.8969999999999988,2210
17.917718017357608,0.8809999999999988,2211
17.91798524786145,0.8649999999999989,2212
17.91825246775101,0.8489999999999989,2213
17.918519677041385,0.832999999999999,2214
17.918786875745315,0.816999999999999,2215
17.9190540638586,0.800999999999999,2216
17.919321241411687,0.784999999999999,2217
17.91958840840456,0.7689999999999991,2218
17.91985556484599,0.7529999999999991,2219
17.920122710742294,0.7369999999999992,2220
17.920389846113377,0.7209999999999992,2221
17.9206569709588,0.7049999999999993,2222
17.920924085303906,0.6889999999999993,2223
17.92119118914808,0.6729999999999993,2224
17.92145828249934,0.6569999999999994,2225
17.921725365373415,0.6409999999999993,2226
17.921992437774087,0.6249999999999994,2227
17.922259499721427,0.6089999999999994,2228
17.92252655121953,0.5929999999999995,2229
17.922793592273013,0.5769999999999995,2230
17.92306062290788,0.5609999999999996,2231
17.92332764311143,0.5449999999999996,2232
17.923594652913792,0.5289999999999997,2233
17.923861652309824,0.5129999999999997,2234
17.924128641318195,0.4969999999999998,2235
17.92439561993963,0.4809999999999998,2236
17.92466258819527,0.4649999999999998,2237
17.924929546094567,0.44899999999999984,2238
17.925196493629223,0.4329999999999999,2239
17.92546343082714,0.4169999999999999,2240
17.92573035769354,0.40099999999999997,2241
17.925997274232376,0.385,2242
17.926264180463882,0.369,2243
17.92653107638693,0.353,2244
17.92679796202016,0.33699999999999997,2245
17.92706483735839,0.321,2246
17.927331702427328,0.305,2247
17.927598557227416,0.289,2248
17.927865401767626,0.27299999999999996,2249
17.92813223605699,0.257,2250
17.9283990601115,0.241,2251
17.928665873939362,0.22499999999999998,2252
17.9289326775374,0.209,2253
17.929199470923457,0.19299999999999998,2254
17.92946625411404,0.177,2255
17.929733027107435,0.16099999999999998,2256
17.929999789914437,0.145,2257
17.93026654254959,0.12899999999999998,2258
17.930533285023095,0.11299999999999999,2259
17.930800017330217,0.09699999999999999,2260
17.93106673949995,0.081,2261
17.93133345151846,0.065,2262
17.931600153408713,0.048999999999999995,2263
17.931866845176717,0.032999999999999995,2264
17.932133526833688,0.017,2265
17.932400198390237,0.001,2266
17.9324335316258,-0.0010000000000000015,2267
17.93243784702251,-0.001258925411794168,2268
17.932443279783584,-0.0015848931924611134,2269
17.93245011921996,-0.0019952623149688776,2270
17.932458729546074,-0.0025118864315095755,2271
17.93246956929769,-0.0031622776601683716,2272
17.932483215711652,-0.003981071705534959,2273
17.93250039548693,-0.005011872336272707,2274
17.93252202348489,-0.006309573444801914,2275
17.93254925142181,-0.007943282347242793,2276
17.932583529225205,-0.009999999999999974,2277
17.93262668217527,-0.01258925411794164,2278
17.93268100814857,-0.0158489319246111,2279
17.932749399907483,-0.019952623149688757,2280
17.932835499077402,-0.025118864315095756,2281
17.932943890028696,-0.03162277660168374,2282
17.933080343775366,-0.03981071705534967,2283
17.933252125111608,-0.050118723362727165,2284
17.933468379066976,-0.06309573444801926,2285
17.93374061725057,-0.0794328234724281,2286
17.934083329918277,-0.09999999999999995,2287
17.934514756026882,-0.12589254117941667,2288
17.935057851971955,-0.15848931924611132,2289
17.935741510208633,-0.199526231496888,2290
17.93660209152534,-0.25118864315095807,2291
17.93768535160727,-0.3162277660168381,2292
17.939048862096232,-0.39810717055349754,2293
17.939943755380618,11.025000000000118,2294
17.94076505219227,-0.5011872336272727,2295
17.942925027535512,-0.6309573444801939,2296
17.945643362317387,-0.7943282347242825,2297
17.94906410786347,-1.0000000000000016,2298
17.953368319863138,-1.2589254117941693,2299
17.958783477747613,-1.5848931924611165,2300
17.96559525736676,-1.9952623149688837,2301
17.974162223078455,-2.511886431509586,2302
17.984934133404288,-3.1622776601683875,2303
17.99847470703527,-3.9810717055349834,2304
18.0154898801405,-5.011872336272736,2305
18.0368628081842,-6.309573444801949,2306
18.06369713716583,-7.943282347242835,2307
18.09737041003752,-10.000000000000025,2308
18.13959991718663,-12.589254117941705,2309
18.192523905289846,-15.848931924611174,2310
18.258801929157272,-19.952623149688844,2311
20.078627477968364,10.977000000000116,2312
20.23587616844347,14.753000000000219,2313
20.565458138776425,12.817000000000165,2314
20.852764916116527,16.705000000000272,2315
21.02121052791981,10.961000000000116,2316
21.316585320197845,18.673000000000325,2317
21.5703939591134,14.737000000000219,2318
21.69316499821464,12.801000000000165,2319
22.041867308596206,10.945000000000116,2320
22.58986563651469,16.68900000000027,2321
22.95935392978055,12.785000000000165,2322
23.120593801457773,14.721000000000217,2323
23.148361686379996,10.929000000000116,2324
23.512672462974756,18.657000000000323,2325
24.351323981414467,10.913000000000114,2326
24.3913986126469,12.769000000000165,2327
24.698794254178036,16.673000000000272,2328
24.944909511309984,14.705000000000217,2329
25.66395033847987,10.897000000000114,2330
26.02528883276336,12.753000000000164,2331
26.30871138093035,18.641000000000325,2332
27.10230132774317,10.881000000000114,2333
27.125576404138982,14.689000000000217,2334
27.316927523372136,16.65700000000027,2335
27.908638025097883,12.737000000000164,2336
28.685907884392225,10.865000000000114,2337
29.7816127582163,14.673000000000217,2338
29.99419292092941,18.625000000000323,2339
30.105522944624862,12.721000000000164,2340
30.438657509741105,10.849000000000112,2341
30.658810334872268,16.64100000000027,2342
32.390024136895654,10.833000000000112,2343
32.70414609987369,12.705000000000163,2344
33.0917940596765,14.657000000000217,2345
34.57676952709442,10.817000000000112,2346
35.07919588641051,16.62500000000027,2347
35.08133445711911,18.60900000000032,2348
35.82930164124532,12.689000000000163,2349
37.04532370871361,10.801000000000112,2350
37.33745849172636,14.641000000000215,2351
39.66350618782459,12.673000000000162,2352
39.85517386186503,10.785000000000112,2353
41.20995523546529,16.609000000000268,2354
42.56947179670769,18.593000000000323,2355
42.98832901416485,14.625000000000215,2356
43.083792634595966,10.76900000000011,2357
44.484711461813404,12.657000000000162,2358
46.83398531781438,10.75300000000011,2359
50.29634761535362,16.59300000000027,2360
50.73804615130436,12.641000000000162,2361
50.89187116025032,14.609000000000215,2362
51.24516224287957,10.73700000000011,2363
54.70434744174259,18.57700000000032,2364
56.511220613377034,10.72100000000011,2365
59.18373979274404,12.625000000000162,2366
62.748549691875944,14.593000000000215,2367
62.910045625256735,10.705000000000108,2368
65.17986893420837,16.577000000000268,2369
70.85450823645824,10.689000000000108,2370
71.23589541261792,12.60900000000016,2371
77.80147923514635,18.561000000000323,2372
80.98575968120943,10.673000000000108,2373
82.545901343668,14.577000000000213,2374
89.85806424708856,12.59300000000016,2375
94.06214181169238,16.561000000000266,2376
94.35631396938754,10.657000000000108,2377
112.82299380100679,10.641000000000107,2378
122.35141901362564,14.561000000000213,2379
122.48610573457515,12.57700000000016,2380
139.10155688571757,18.54500000000032,2381
139.996675635057,10.625000000000107,2382
174.42420019799277,16.545000000000268,2383
183.95390052785183,10.609000000000107,2384
194.57598897997286,12.56100000000016,2385
243.7893066957672,14.545000000000213,2386
267.2301310171095,10.593000000000107,2387
485.3892473798984,10.577000000000105,2388
488.0995142677411,12.545000000000158,2389
791.5785919408073,18.52900000000032,2390
1588.329820470596,16.529000000000266,2391
2565.2030684320775,10.561000000000105,2392
