-0.0010601024242382527,-0.001059721130596373
-0.010606310430255058,-0.010605928204109225
-0.012092717863481416,-0.012092335568515824
-0.02780009868266697,-0.027799714779086875
-0.04147030268380555,-0.04146991740367801
-0.04266687796928792,-0.04266649261748521
-0.04341446142318048,-0.043414075855324114
-0.04476352981813642,-0.04476314427124605
-0.047156385942719724,-0.04715600003507247
-0.05894091043756491,-0.05894052319944865
-0.07314455190787475,-0.07314416328772193
-0.07438433891618525,-0.07438395013748471
-0.085890781293145,-0.08589039111755685
-0.08974944130299296,-0.08974905080591743
-0.0978922192793307,-0.09789182782066849
-0.1050407248169771,-0.10504033247788434
-0.10570132638153679,-0.10570093417065396
-0.10938660126505839,-0.10938620853987646
-0.12026252030948686,-0.12026212622710596
-0.13088715459413344,-0.1308867592132799
-0.13541899233399207,-0.13541859648997642
-0.13921968667615262,-0.1392192904362023
-0.15051414865661317,-0.15051375099542874
-0.1536350585431146,-0.15363466057809633
-0.165551849049411,-0.16555144950595876
-0.17378640063914388,-0.17378599998363764
-0.17499075463278166,-0.17499035378951025
-0.17782957121812432,-0.1778291702089174
-0.18053581364279536,-0.18053541210800625
-0.19546963065069456,-0.19546922727250143
-0.20949700392952747,-0.2094965986358388
-0.21035676369567802,-0.21035635824721485
-0.21227016989362554,-0.2122697642409984
-0.22520055864285185,-0.225200151209427
-0.22691271397040988,-0.22691230648860777
-0.24000425002377657,-0.240003840634713
-0.24434861697461063,-0.24434820697827192
-0.24645703427808255,-0.24645662392366446
-0.2547709670902172,-0.2547705556632445
-0.26950373948417455,-0.2695033258403277
-0.2741138888579331,-0.2741134747134058
-0.278355809239352,-0.27835539446555546
-0.28420550259401256,-0.2842050869351081
-0.2847834738905984,-0.2847830581108549
-0.2988791025787102,-0.29887868471958506
-0.313527301141872,-0.31352688117300476
-0.3178960336689995,-0.31789561294299534
-0.32460644261360716,-0.3246060209184523
-0.3281527799943165,-0.3281523577156271
-0.3324067468330102,-0.3324063239073571
-0.3395277123715508,-0.3395272883651509
-0.3427581450654353,-0.34275772046851904
-0.35734593052867136,-0.3573455037011513
-0.366071194593965,-0.3660707662896647
-0.3719186025347363,-0.371918173389483
-0.38647856281431303,-0.38647813137777143
-0.3893470510918435,-0.38934661915200003
-0.3961358432397104,-0.39613541018161585
-0.4010281520152473,-0.4010277181059267
-0.40892681090398647,-0.40892637564223033
-0.4093404843204478,-0.4093400489706541
-0.4155696529507618,-0.41556921654455403
-0.4301052935630192,-0.43010485475062016
-0.44463724985039005,-0.444636808427873
-0.4494979159254979,-0.4494974736709625
-0.454597384681451,-0.45459694156116526
-0.45916764856761516,-0.4591672046684376
-0.4736985697886257,-0.47369812322100446
-0.4796514361870436,-0.4796509886664072
-0.4827905285421652,-0.48279008042237914
-0.4882320493708154,-0.4882316001221933
-0.502048661424094,-0.5020482098913759
-0.5027700811913097,-0.5027696295347941
-0.5132275760812616,-0.5132271224298391
-0.5173146192065243,-0.517314164758763
-0.5318675785922709,-0.5318671213835473
-0.546430829519906,-0.5464303696046261
-0.5519288276024714,-0.5519283665614159
-0.5529900848189772,-0.5529896237588262
-0.5576568213448418,-0.5576563591571223
-0.5691239996439411,-0.5691235353037002
-0.5755957056775569,-0.5755952401871975
-0.5809604564959028,-0.5809599899041877
-0.590200847001664,-0.5902003785530502
-0.6045051213557863,-0.6045046499033212
-0.6048235089747303,-0.6048230374810611
-0.6194654187354093,-0.6194649442204498
-0.6341282815242237,-0.6341278042252072
-0.6462319080096022,-0.6462314280549567
-0.6488137796707122,-0.6488132991524713
-0.6531881905607354,-0.6531877091256544
-0.6600833972976687,-0.6600829144200306
-0.6635235734214194,-0.663523089762543
-0.6653529851498889,-0.6653525011927308
-0.6782593022355603,-0.6782588155193707
-0.6930225860502787,-0.6930220962509617
-0.7078150264267635,-0.7078145332514544
-0.7190156195255257,-0.7190151239919536
-0.7226382078959488,-0.7226377114813529
-0.7304840531907225,-0.7304835549688518
-0.7372242835993504,-0.737223784025107
-0.737493698956568,-0.7374931992697147
-0.7523830533164674,-0.7523825503788131
-0.7673078108716893,-0.7673073044778663
-0.7692852654310284,-0.7692847585438521
-0.7817089184063994,-0.7817084085891213
-0.782269498795661,-0.7822689887640647
-0.7972696325430072,-0.7972691192280493
-0.8123097167852372,-0.8123091998020995
-0.813520424810365,-0.8135199075427914
-0.8273912463824071,-0.8273907258917753
-0.8355580462418437,-0.8355575237739582
-0.8425157072788421,-0.8425151829077798
-0.8486369747455383,-0.848636448950803
-0.8576845773585376,-0.8576840493520105
-0.8728993273782759,-0.8728987958217735
-0.8820489174433601,-0.8820483834421269
-0.888161421709025,-0.8881608862125444
-0.9030914797223693,-0.9030909405797519
-0.9034723192116197,-0.9034717799753385
-0.9188334739553071,-0.9188329307300914
-0.9203543157107628,-0.9203537721347542
-0.9342463360730104,-0.9342457889499902
-0.9423135741928109,-0.9423130250504601
-0.9497123524218477,-0.9497118012637762
-0.9652329673740543,-0.9652324120434801
-0.9808096234931263,-0.9808090641495183
-0.9964437622832422,-0.9964431986865542
-0.9975144550979194,-0.9975138913112829
-1.0001422165489058,-1.0001416519229172
-1.0049999512719758,-1.0049993853105377
-1.0121368247869005,-1.0121362570038421
-1.0278902523383942,-1.0278896803038657
-1.0437054872133145,-1.043704910693949
-1.0587908783531752,-1.0587902976546735
-1.0595839731886583,-1.0595833923631557
-1.0755271562955664,-1.0755265708549966
-1.0808931404715627,-1.0808925534808493
-1.0915364853882137,-1.0915358953227559
-1.1058062188366757,-1.1058056249413584
-1.1076134127455666,-1.1076128182580163
-1.1237593947372049,-1.1237587953897161
-1.1397830131778108,-1.1397824092736166
-1.1399758923647396,-1.1399752884373684
-1.1562643718886068,-1.15626376302923
-1.1714184679310184,-1.1714178545318812
-1.1726263054143158,-1.1726256916014273
-1.1865686123073789,-1.1865679944538237
-1.1890631715006157,-1.1890625527740684
-1.2055764556710524,-1.2055758319382701
-1.2214553507346255,-1.2214547221804182
-1.2221676511180566,-1.2221670224784098
-1.2388382590860567,-1.2388376250666364
-1.2555897896243975,-1.2555891503942027
-1.270210354174658,-1.2702097104489665
-1.2724237620726488,-1.2724231175875713
-1.288412751175973,-1.288412101645997
-1.2893417056146845,-1.289341055827431
-1.3063451598796363,-1.306344504462007
-1.3234356754925858,-1.32343501463944
-1.3275831821549726,-1.3275825199734679
-1.3406148146481784,-1.3406141483170713
-1.3487660330449809,-1.3487653639265684
-1.3578841516398499,-1.3578834794029597
-1.3752452735133864,-1.375244595670756
-1.3786329438439249,-1.3786322647674485
-1.3926997805341772,-1.3926990967661397
-1.4102492868335044,-1.410248597073448
-1.4278954209083945,-1.4278947250547396
-1.445639826317043,-1.445639124336076
-1.453384342569308,-1.4533836380441334
-1.463484162128669,-1.4634834541046622
-1.4814301036064028,-1.4814293889627974
-1.48423642111289,-1.4842357056418363
-1.4898089342117782,-1.4898082168691693
-1.4983651838652798,-1.498364463360952
-1.4994793427472342,-1.4994786219163723
-1.5176335888902859,-1.5176328615602566
-1.535894569292505,-1.5358938355283966
-1.55426402981074,-1.5542632890900907
-1.5727437354296252,-1.5727429880352215
-1.5913354709456546,-1.591334716675888
-1.6100410415396433,-1.6100402804215803
-1.6288622734807239,-1.6288615050985356
-1.6314973630144542,-1.6314965935046046
-1.6378261472479603,-1.6378253754931056
-1.6471723317189448,-1.6471715562256606
-1.6478010146966473,-1.6478002390464894
-1.659544632529689,-1.6595438524574055
-1.6668591354847648,-1.666858352471628
-1.6860385291906221,-1.6860377388514696
-1.705341112779789,-1.7053403150190938
-1.724768827675365,-1.7247680221908201
-1.7443236403071423,-1.744322827164495
-1.7640075429392814,-1.7640067219786149
-1.7806654904796329,-1.7806646626430065
-1.783822554304431,-1.7838217252680983
-1.8037707204270235,-1.8037698832120583
-1.823854115204463,-1.8238532697763963
-1.8241348755025861,-1.8241340299198667
-1.844074841408546,-1.8440739876012786
-1.8457144895849833,-1.8457136351116108
-1.8573488135708978,-1.8573479543260263
-1.864435031278889,-1.8644341689114257
-1.884936847335383,-1.8849359764392133
-1.9055824833188693,-1.9055816037010358
-1.926374164787543,-1.926373276300485
-1.947314150214895,-1.9473132525871621
-1.9492420262791874,-1.9492411277474386
-1.968404731654713,-1.9684038247871187
-1.9896482356567915,-1.9896473193695356
-2.0110470243164413,-2.011046098755632
-2.0249124866014547,-2.024911554743644
-2.0326034959490142,-2.0326025607319003
-2.0543200861787554,-2.054319141338976
-2.0761992689275472,-2.076198313930654
-2.0821822160341945,-2.0821812583668
-2.08261751172999,-2.0826165538060164
-2.0982435572832907,-2.0982425923243224
-2.1204555045759337,-2.120454529280759
-2.1416126055723876,-2.1416116203818496
-2.142837705433397,-2.142836719791186
-2.1653927967161355,-2.16539180055913
-2.188123458786303,-2.1881224515459072
-2.211032416403062,-2.2110313985575782
-2.23412244004262,-2.234121411033501
-2.2550193644938497,-2.255018325468797
-2.257396346972105,-2.2573953066213317
-2.280857002396513,-2.280855950561412
-2.3045073207992974,-2.304506257381421
-2.328350267143457,-2.3283491918847257
-2.3418937106555924,-2.3418926285234902
-2.3523888581435854,-2.3523877707935053
-2.3539725459983867,-2.353971457874052
-2.363587666902508,-2.363586574008675
-2.3766261636036017,-2.376625064013305
-2.4010653078130817,-2.401064195865134
-2.4257094708567304,-2.425708346133681
-2.4505618901817723,-2.450560752585652
-2.4756258618840827,-2.4756247112100414
-2.5009047424421555,-2.5009035784063487
-2.521809766915527,-2.521808591685797
-2.526401950131942,-2.5264007724643243
-2.5521209666880003,-2.552119775210615
-2.5780653388762955,-2.578064133535908
-2.604238680274081,-2.604237460780203
-2.623032497328575,-2.6230312673484044
-2.6306446729373865,-2.6306434389048996
-2.643972537910551,-2.643971296295264
-2.6572870693224986,-2.657285820627072
-2.6701248329107052,-2.670123576932685
-2.6841696939692286,-2.684168430129072
-2.7112964455030033,-2.711295166277494
-2.738671298579818,-2.7386700039796543
-2.766298305912975,-2.766296995568847
-2.7941816002895967,-2.7941802734147823
-2.8223253967391866,-2.8223240536689076
-2.835315786625722,-2.8353144359896167
-2.850733994727976,-2.8507326351091042
-2.8794117806154236,-2.879410404106422
-2.908363229578587,-2.9083618356661076
-2.9308640244346504,-2.930862617101791
-2.937592908444214,-2.937591496948214
-2.967105478032872,-2.9671040485536406
-2.9969056956152937,-2.996904247837753
-3.0009619895425765,-3.0009605394406584
-3.0269984177140343,-3.0269969514977344
-3.043043360076029,-3.0430418839520015
-3.0573886027091643,-3.057387117383433
-3.088081313837519,-3.0880798094327386
-3.1190817219915927,-3.119080197884426
-3.150395108617864,-3.1503935645918557
-3.182026869169271,-3.1820253046671114
-3.2095886952801362,-3.2095871129596807
-3.2139825158774435,-3.213980930731666
-3.246267681380604,-3.2462660752009462
-3.2788881220528467,-3.2788864941823586
-3.302690178534799,-3.3026885349749593
-3.3118497215468565,-3.3118480716759464
-3.345158494394284,-3.345156822181928
-3.3788205899595596,-3.378818894849046
-3.4128422963229488,-3.412840578079932
-3.430005482357588,-3.4300037522901836
-3.447230043849421,-3.447228301976171
-3.48199041014203,-3.481988644126511
-3.490224397349469,-3.490222625554006
-3.5171301239639003,-3.5171283330438747
-3.5526560696248453,-3.552654253712216
-3.5885752920557508,-3.5885734504163733
-3.6248950010508305,-3.6248931333625123
-3.6616225767651227,-3.661620682361795
-3.6649362998533834,-3.6649344032771674
-3.698765574491978,-3.698763652800226
-3.736331730187184,-3.736329780763125
-3.76163326023888,-3.761631291917537
-3.7743289660620034,-3.7743269882798716
-3.812765396260198,-3.812763389552295
-3.851649332756852,-3.8516472968455986
-3.8909892916183275,-3.8909872253352384
-3.930793999425095,-3.9307919025210873
-3.956203911272178,-3.956201794596454
-3.971072399775601,-3.9710702715453956
-4.0118336603324245,-4.011831499768628
-4.037168612270208,-4.03716643165818
-4.0530871800641615,-4.053084986822652
-4.094842596337676,-4.094840369778966
-4.137109793116763,-4.1371075324375575
-4.179898908548379,-4.179896612890883
-4.223220343671622,-4.2232180123057095
-4.231842083055912,-4.231839744592519
-4.267084770632157,-4.267082402997188
-4.311503142201234,-4.311500737334445
-4.343471488877182,-4.343469056848215
-4.35648670078841,-4.356484257812102
-4.402046988350751,-4.402044506483617
-4.4481958564666915,-4.4481933347754925
-4.494945477082601,-4.494942914849428
-4.5423083529481945,-4.54230574917698
-4.590297329803177,-4.590294683558144
-4.617839655737709,-4.617836984988047
-4.638925607546059,-4.638922917653038
-4.688206753278594,-4.68820401892335
-4.722550590144974,-4.722547824634153
-4.738154714086577,-4.738151934387284
-4.788783830131161,-4.788781003832636
-4.840108849061518,-4.840105974995976
-4.892144940819162,-4.892142017905014
-4.944907712523586,-4.944904739719693
-4.958252230895918,-4.9582492453466696
-4.998413224722172,-4.998410200918875
-5.052678007997523,-5.052674931861439
-5.106671415354139,-5.106668286759571
-5.107719080295444,-5.107715950600884
-5.163553965596758,-5.163550780755723
-5.2202007120896186,-5.220197471220883
-5.2776779126999855,-5.277674614078194
-5.336004725699481,-5.336001367860747
-5.395200896421315,-5.395197477875561
-5.45528677989048,-5.455283299395957
-5.47633798171787,-5.476334479122563
-5.5162833649425185,-5.516279820562784
-5.578212298954268,-5.578208689314813
-5.607988960646604,-5.607985319231889
-5.641095914005397,-5.641092237198983
-5.704957254199632,-5.704953508642035
-5.769820104501059,-5.769816288379329
-5.835709020499835,-5.835705131803619
-5.9026493606134185,-5.902645397816843
-5.92417152489796,-5.924167538022296
-5.970667318793898,-5.970663279801593
-6.0397899593884485,-6.039785841966662
-6.110045253252889,-6.11004105517491
-6.153761658952718,-6.153757410166646
-6.181462117107551,-6.181457836301598
-6.254070453271395,-6.254066087584746
-6.327901191985247,-6.3278967387634735
-6.402986336459463,-6.4029817933772115
-6.479359010010834,-6.479354374563457
-6.557053505123796,-6.557048774580362
-6.636105335368427,-6.636100507236438
-6.63687040190785,-6.6368655728153785
-6.716551291086114,-6.716546362269565
-6.798025712692013,-6.798020680940607
-6.798429497415228,-6.798424465205279
-6.88177947414556,-6.881774335168228
-6.966642202182496,-6.966636953600387
-7.053060190015894,-7.053054828340206
-7.14107754665756,-7.141072068657662
-7.230740057495462,-7.230734459660842
-7.2738373317893705,-7.273831675602804
-7.322095264502171,-7.322089542948411
-7.415192551906758,-7.415186702814272
-7.5100832360606455,-7.5100772554351805
-7.606820660953869,-7.606814544560436
-7.682478298653908,-7.682472075058402
-7.7054602998927,-7.705454043431538
-7.806059862548923,-7.80605346165096
-7.908679408159644,-7.908672858066141
-8.013381468108562,-8.013374763763256
-8.120231172900617,-8.120224309533217
-8.22929638995668,-8.229289361957235
-8.295737105129156,-8.295729975604008
-8.340647868294614,-8.340640670180454
-8.454359393103871,-8.454352018750079
-8.485385329586046,-8.48537790697516
-8.570507951151402,-8.570500395051695
-8.689173905582548,-8.689166160833324
-8.81044118430308,-8.81043324452994
-8.934397478633521,-8.934389337165513
-9.061134457502027,-9.061126106866096
-9.19074799566219,-9.190739427854652
-9.296371859705046,-9.29636311315138
-9.323338417809849,-9.323329625388018
-9.459010759604542,-9.459001733772265
-9.597875047196371,-9.597865779388322
-9.740046598874253,-9.74003708015912
-9.885646345339477,-9.885636565755217
-10.034801176716888,-10.034791125739599
-10.129690066238052,-10.129679840883293
-10.187644313319788,-10.187633980593475
-10.344315707067336,-10.344305081566338
-10.504962469987277,-10.504951539533735
-10.669739340495257,-10.669728092517126
-10.83880918214318,-10.838797603763028
-10.866364212351481,-10.866352579707797
-11.012343525770795,-11.012331603536394
-11.068804148000943,-11.06879211214723
-11.190523153110846,-11.190510871662493
-11.373538729078712,-11.373526073503001
-11.561591486751157,-11.561578440204997
-11.754893969893818,-11.75488051550202
-11.953670839753807,-11.95365695947766
-12.158159749719161,-12.158145423118832
-12.368612300579283,-12.368597507870124
-12.585295076960572,-12.585279796498503
-12.668708701539698,-12.668693231016597
-12.808490780735392,-12.80847498885231
-13.03849946769174,-13.03848314013303
-13.275639900124927,-13.275623011010795
-13.520251028227932,-13.520233549615064
-13.77269361295846,-13.772675514127972
-14.033352010108942,-14.03333326046136
-14.302636132236069,-14.3026166974754
-14.580983606576524,-14.580963450951756
-14.689554721512069,-14.68953428039386
-14.868862159812023,-14.868841244171437
-15.166772250971597,-15.166750533006441
-15.394252734944226,-15.39423039477053
-15.475249983913507,-15.475227419668766
-15.528695866102366,-15.528673154274326
-15.794870341969215,-15.794846885044873
-16.126250774755604,-16.12622637074946
-16.47005519483038,-16.470029789724283
-16.826998428357644,-16.82697196274083
-17.197851196016885,-17.197823604788447
-17.58344568396407,-17.583416896763772
-17.98468179073262,-17.98465173213495
-18.40253416610146,-18.40250275458642
-18.83806013196066,-18.838027276783926
-19.292408639671393,-19.292374244790537
-19.433891053041595,-19.43385617079423
-19.766830412416386,-19.766794372152503
-20.262689476767704,-20.26265167346767
-20.781476284561847,-20.781436591706434
-21.324822705518898,-21.324780985771074
-21.894519215428204,-21.89447531255798
-22.49253464079635,-22.492488387930138
-23.121038933371914,-23.120990145446488
-23.78242952396744,-23.782377992628376
-24.479361937950596,-24.479307433128405
-25.09675861160187,-25.09670140319888
-25.21478548736733,-25.214727755421617
-25.51229640695112,-25.512237343099724
-25.99198504825224,-25.99192380515085
-26.209386772241313,-26.209324527340204
-26.814630190748424,-26.81456511616123
-27.68683319160301,-27.686763926168844
-28.6132178635179,-28.613144004345862
-29.599001655283818,-29.598922745529595
-30.65009408379288,-30.650009603661825
-31.773215403675632,-31.77312475905798
-32.97604060217029,-32.97594311660015
-34.26737516358421,-34.267270055010556
-35.657371205854396,-35.65725756888331
-37.1577950996521,-37.15767188291115
-38.7823616438427,-38.78222761558221
-39.956316905804876,-39.95617478055584
-40.547154755808435,-40.54700846778689
-42.471162132867654,-42.471001862713386
-44.57696154191784,-44.576785239395726
-46.891611385701694,-46.89141657441896
9.469686234985408,9.469693440411804
9.417372554115735,9.41737967958077
9.411789835893883,9.411796952850521
9.354755785147866,9.35476281523802
9.298564778697639,9.298571723591342
9.243198086152136,9.243204947813727
9.188637527499003,9.188644307500674
9.134865454460458,9.13487215480423
9.081864731210645,9.081871353228061
9.029618714822185,9.029625260180133
8.978111238578654,8.978117708830894
8.927326594849182,8.927332991419428
8.87724951861394,8.877255843208975
8.82786517223479,8.827871426121375
8.801125503984986,8.801131719579738
8.779159130934895,8.779165315430545
8.731117367779522,8.73112348424742
8.683726240687161,8.683732290649191
8.63697247888031,8.636978463211161
8.599154669335272,8.599160601143176
8.590843170715837,8.59084909108964
8.54532575120918,8.545331608567155
8.500407991028016,8.500413786512784
8.45607798480707,8.456083719632309
8.412324140572627,8.41232981593253
8.369135170008928,8.36914078725564
8.326500077908307,8.326505637700723
8.3179411578883,8.317946706203019
8.284408153045545,8.284413656428914
8.242848959072614,8.24285440721035
8.233517492550783,8.233522928333242
8.201812325868467,8.201817719930075
8.16128834068359,8.161293681219066
8.121267340355509,8.12127262856305
8.081739903585477,8.081745140351483
8.042696843157861,8.042702029270233
8.004129198948638,8.004134335364542
7.966028230690674,7.966033318315831
7.92838541150594,7.928390451093021
7.891192421502312,7.891197413900756
7.8544411411492545,7.854446087111171
7.818123645551456,7.818128545985399
7.782232198567928,7.782237054060715
7.746759247230102,7.746764058733598
7.711697416553382,7.711702184541969
7.694258791667114,7.694263538170713
7.677039504137246,7.677044229305848
7.642778474895871,7.642783158202316
7.608907456776564,7.608912098655138
7.575419735561812,7.575424336921232
7.5472780162426485,7.5472825835468855
7.542308750605415,7.54231331199563
7.50956809060243,7.509572612587729
7.477191488881492,7.47719597188388
7.445172820089593,7.4451772649767145
7.413506095279345,7.41351050275288
7.382185459096223,7.382189829547864
7.351205185387736,7.351209519427467
7.341443132486087,7.341447455042707
7.320559673968097,7.320563972145361
7.302228398503546,7.302232675353631
7.290243446913203,7.290247709762945
7.267081204404655,7.267085440465643
7.260251145816757,7.26025537409116
7.230577527838673,7.2305817216326895
7.201217463008864,7.201221623092298
7.172165931217357,7.172170058025414
7.143418019000626,7.143422113117439
7.1149689169513906,7.114972978782891
7.0868139171895,7.086817947258006
7.058948410114712,7.058952408847428
7.031367882293821,7.03137185004958
7.004067914038361,7.004071851408504
6.977044176604002,6.9770480840107645
6.950292430020466,6.9502963081129
6.923808520967754,6.923812369628229
6.8975883805019595,6.89759220042305
6.871628021709307,6.871631813199485
6.845923538093164,6.845927301713132
6.820471101093009,6.820474837155669
6.795266958412404,6.795270667216155
6.770307431999181,6.770311114066063
6.745588916338715,6.745592572069404
6.7211078766382535,6.721111506104758
6.696860847025671,6.696864450767589
6.672844428987886,6.672848007320559
6.649055289598738,6.6490588429217174
6.64426600943207,6.644269557749746
6.630300728023485,6.630304261563745
6.625490160115742,6.625493688750747
6.602145834259188,6.602149338403538
6.579019166963328,6.5790226470797775
6.556107072588677,6.55611052888052
6.533406523884649,6.533409956858497
6.5299154140241065,6.529918843332197
6.51091455034274,6.510917960071819
6.488628236989469,6.48863162382072
6.466544723198236,6.46654808757862
6.4446612010547195,6.4446645431761675
6.422974914583134,6.422978234583522
6.401483158381969,6.40148645673362
6.384631207256767,6.384634488579631
6.380183276423515,6.380186553345883
6.3590726608559995,6.359075916652009
6.338148751172806,6.338151986036999
6.317409032926391,6.317412246971385
6.311823674616222,6.311826883276656
6.296851036742488,6.296854230567577
6.276472337335558,6.276475510990295
6.256270552605736,6.256273706372223
6.236243342456756,6.236246476624356
6.216388408130988,6.216391522776183
6.196703491227707,6.196706586511965
6.177186372532467,6.177189449001667
6.157834871817794,6.157837929578833
6.138646846199352,6.13864988540461
6.119620189930315,6.1196232108768855
6.100752833393796,6.100755836207814
6.083718779401514,6.083721765940599
6.08204274228253,6.082045727262934
6.063487917001805,6.063490884315242
6.045086391630397,6.045089341540024
6.026836233657563,6.026839166247549
6.008735542872436,6.0087384583560635
5.990782450907564,5.9907853496365355
5.972975120531327,5.972978002623031
5.955311744948693,5.955314610446672
5.937790547253183,5.937793396649667
5.929644981852182,5.929647823626475
5.922126104501191,5.922128939309536
5.920409779711448,5.920412612972997
5.903167723389365,5.903170540704534
5.8860626872040305,5.8860654886715
5.8690930076010215,5.869095793636901
5.852257048035524,5.852259818650408
5.835553198280052,5.835555953560424
5.818979874053491,5.8189826143018255
5.80253551613652,5.802538241426906
5.78621859046745,5.786221300979496
5.770027587150455,5.770030283163116
5.753961020208194,5.753963701777313
5.738017426949867,5.73802009420317
5.722195367706077,5.72219802086117
5.706493425294815,5.706496064606349
5.690910204454135,5.690912829866823
5.675444331671187,5.675446943390563
5.660094454617444,5.660097052655434
5.644859241610746,5.6448618263560295
5.629737381599166,5.629739953115348
5.62265350724612,5.622656072490328
5.61472758324825,5.6147301416864535
5.599828575063541,5.599831120335999
5.592389451172046,5.592391990194249
5.585039104798622,5.585041637435843
5.570357938913195,5.570360458801688
5.555783862555992,5.555786369779354
5.541315679061516,5.541318173873556
5.526952209480837,5.526954691898299
5.512692292505462,5.512694762766989
5.4985347839083065,5.498537242023957
5.484478556508551,5.484481002565575
5.470522499463839,5.470524933834959
5.46354844431853,5.463550872885392
5.456665518380163,5.456667940974007
5.442906534686069,5.44290894566484
5.430740201404863,5.430742602097818
5.429244485523231,5.429246884981953
5.415678323478755,5.415680711521383
5.402207016150291,5.402209393001644
5.388829546150267,5.388831911680467
5.37614759238335,5.37614994741202
5.375544910426357,5.37554726491852
5.3623521203979845,5.362354463998607
5.349250201496079,5.349252534259779
5.33623819294084,5.336240515037852
5.323315147520418,5.32331745892487
5.310480131398993,5.3104824322342195
5.297732223756256,5.297734514122706
5.285070516735622,5.285072796855374
5.2724941150211535,5.272496384886456
5.2600021357002555,5.260004395307642
5.247593708158488,5.247595957685575
5.236267680889486,5.236269921347779
5.235267973727935,5.235270213438424
5.223024085512112,5.223026315363917
5.210861208255991,5.210863428348821
5.19877851799849,5.198780728382588
5.186775202114875,5.186777402826523
5.174850458816814,5.1748526499769625
5.163003497215017,5.163005679064063
5.151233537054558,5.151235709453916
5.139539808628772,5.139541971776412
5.12792155234813,5.1279237062957
5.116378018846165,5.116380163785535
5.104908468634825,5.10491060459632
5.093512171999861,5.093514298975241
5.082188409000434,5.0821905272124095
5.070936468908255,5.0709385783089695
5.059755650544108,5.0597577512230405
5.048645261726004,5.04864735376286
5.0376046192486275,5.037606702773363
5.030323920937001,5.0303259988553535
5.026633048963277,5.026635123975287
5.0247337625304445,5.024735836081123
5.015729885152611,5.015731951711191
5.004894470917723,5.004896529150749
4.994126157639544,4.994128207675465
4.992784804578985,4.992786853564776
4.992611225226647,4.992613274194809
4.992392726508512,4.992394775207527
4.992117692046396,4.99211974070691
4.991771506261011,4.991773554555531
4.9913357824735325,4.991337830446592
4.990787394472684,4.990789442041476
4.99009726164176,4.990099308720863
4.989228826644508,4.989230872980047
4.988136150704426,4.988138196152894
4.986761533084847,4.98676357760366
4.985032543135214,4.985034586232549
4.9828583282226635,4.982860369652407
4.980125036199232,4.98012707554073
4.976690163302153,4.9766922001017635
4.972375612020743,4.972377645568403
4.966959222904874,4.966961252195966
4.960164536599323,4.96016656079799
4.9516485613482075,4.9516505789946965
4.940987385442189,4.94098939497942
4.9276596156426455,4.927661615171231
4.927287510828992,4.9272895101677765
4.911027882621936,4.911029869661327
4.90736880271155,4.907370786883471
4.890319091550305,4.890321063005542
4.86460478516663,4.864606737506957
4.832784002608087,4.832785931326522
4.7935724204843995,4.793574320556857
4.7794854449933695,4.77948733469578
4.745503347614134,4.745505212649016
4.686948140805239,4.686949963865338
4.68320564650269,4.683207466999465
4.623663342144312,4.623665120434189
4.616165375267807,4.616167148301348
4.578497434825522,4.578499181576229
4.555483940195271,4.5554856711227805
4.53138876303675,4.531390477394128
4.430962001038699,4.430963647366723
4.391559893563424,4.39156151369682
4.376127562756083,4.376129172670166
4.31352275904966,4.313524328128521
4.250643820096337,4.250645348779661
4.2420641023401675,4.242065625525893
4.206889851837262,4.206891352939079
4.1782265350170045,4.178228017935494
4.157987944227852,4.157989414749443
4.139294616871959,4.139296075675279
4.024984382187038,4.024985771566087
3.973935293493425,3.9739366525550284
3.9640607094734186,3.9640620627027596
3.9186603786137693,3.918661705436561
3.895472206616152,3.8954735199338106
3.8546700354528265,3.854671325480384
3.8289823389981117,3.828983614428014
3.7903110773344224,3.790312331069663
3.7416451525753978,3.7416463793698598
3.7238136885619744,3.7238149056218908
3.6692392317849922,3.669240419373014
3.6335514396433415,3.633552608087637
3.6303692356562824,3.6303704024098353
3.550264799481245,3.550265924322517
3.538198468865611,3.538199587566655
3.49122992426474,3.491231019083521
3.4844314496629845,3.4844325409226964
3.4717068075100683,3.471707892427459
3.4016644308008437,3.401665480842629
3.3945069681393254,3.3945080148408318
3.361279266162656,3.3612802965388817
3.3583072944346637,3.358308323390207
3.2659522866416277,3.265953271805555
3.253761221708204,3.253762201161902
3.2420068280873444,3.2420078021952365
3.202082022248543,3.202082977841061
3.1978998797234923,3.1979008335427093
3.1972081324000134,3.1972090858689173
3.1320132662020184,3.1320141902371565
3.125796717911771,3.125797639434855
3.0563692962220923,3.0563701872874707
3.053789879792597,3.0537907697319713
3.0301314980267087,3.0301323779218756
3.026162663875629,3.026163542040871
3.008801806382711,3.0088026771751633
2.953763686088587,2.953764533853634
2.9353802961025326,2.93538113631058
2.923447952863209,2.9234487882374394
2.901289846445509,2.901290672757283
2.869729745921998,2.869730559466302
2.8474228813548117,2.8474236862417923
2.846928574755895,2.8469293793476558
2.8048405884298306,2.804841376663005
2.8020293202127293,2.802030107297983
2.7640676013763756,2.764068373828923
2.744507182969874,2.7445079481497876
2.7295334254268817,2.729534184876145
2.709991230337193,2.7099919825312244
2.696314157144983,2.6963149043102668
2.68618915334216,2.6861898967970017
2.6432096476710605,2.6432103755907534
2.624308992134242,2.6243097132918907
2.6127681872153423,2.6127689043619964
2.6030069615192977,2.6030076750600752
2.596510040276733,2.5965107515376307
2.5624586018282227,2.562459301153663
2.5442474890539923,2.5442481821738134
2.543348968362161,2.5433496611397066
2.504301535145645,2.5043022147351137
2.4880960837617634,2.4880967578754674
2.477533880482248,2.4775345511421074
2.469178938380061,2.4691796063603038
2.4471129975166677,2.4471136582459554
2.4187462846984373,2.4187469361966163
2.4149743293269843,2.414974979678202
2.4024169343182478,2.402417580766932
2.3985638799469666,2.398564524868148
2.383137070089957,2.38313771031371
2.355363296666724,2.355363928356483
2.33904995047182,2.3390505769238836
2.3319360622050347,2.331936686455964
2.2984292051937323,2.298429819390054
2.286768048265831,2.2867686588855003
2.2688903238660076,2.2688909292015382
2.264538145637569,2.264538749809749
2.2616109084257308,2.261611511737969
2.260427310036383,2.2604279129972498
2.2439308320038167,2.2439314301310316
2.2090728001738693,2.209073388164427
2.197863417410381,2.1978640023025697
2.194634516682841,2.194635100706499
2.1916530670951464,2.1916536502685737
2.1521729494046777,2.1521735215802
2.141403356861516,2.1414039261459297
2.133428833991876,2.133429400990137
2.1288434571981485,2.1288440230712897
2.115484651040357,2.115485213316275
2.097917016098722,2.0979175735580373
2.0930087063906164,2.09300926257832
2.088244304451764,2.0882448594549756
2.066736350225143,2.06673689950227
2.0463131403127126,2.046313684297993
2.0460626377604285,2.0460631818374257
2.038842898120142,2.038843440172596
2.0190154628618475,2.019016000133104
2.007940526271379,2.0079410606249377
2.0011755416089065,2.0011760743628075
1.9963943674413949,1.9963948988642513
1.967270207950077,1.9672707322054521
1.9574678039311328,1.9574683258500731
1.9521303310040041,1.9521308517471154
1.9487199356006955,1.9487204554067377
1.9152697386836541,1.9152702506465553
1.915073244917997,1.9150737567828524
1.9028671120764924,1.9028676212498994
1.900197144421564,1.900197653042054
1.899019846642419,1.899020354904837
1.8738852378534412,1.873885740284466
1.858681058232015,1.8586815571880333
1.8483569202473582,1.848357417010069
1.8371351933203899,1.8371356874708409
1.8338060267341385,1.8338065202432863
1.8206447331790347,1.8206452238697943
1.8160220817838582,1.8160225713728442
1.799918232596324,1.7999187186219618
1.7947456959663188,1.7947461810153804
1.7776628064377331,1.7776632878022276
1.7747637240821494,1.7747642049866583
1.756621270902766,1.756621747961894
1.7535052018854134,1.7535056782559144
1.734791123297661,1.734791595872784
1.7338786456172524,1.7338791180114386
1.7214142342704428,1.7214147040596997
1.719355929552556,1.7193563989787488
1.7089405613539772,1.7089410287884337
1.6959996076596089,1.6960000726395905
1.6828783087388075,1.6828787709433106
1.6680705180702777,1.6680709774511153
1.6660654846936993,1.6660659438263667
1.6582934812808774,1.6582939389311788
1.653931981415715,1.6539324381985554
1.6471218910946437,1.6471223465891909
1.6247371591060213,1.6247376102941595
1.6215849719154214,1.6215854226733886
1.6173521689600423,1.617352618916913
1.6120244610894938,1.6120249100411457
1.5857933154245771,1.5857937596974858
1.584826726404818,1.5848271705383716
1.5799406401174731,1.5799410833929972
1.5775276202570054,1.5775280631755766
1.5690131765115962,1.5690136178214231
1.5508439559961003,1.550844394220536
1.5462175281974753,1.5462179657754547
1.5435763532110132,1.5435767902034272
1.5228360730592865,1.5228365065215839
1.516667844687475,1.51666827720562
1.5111804026295925,1.5111808343079325
1.5101186372589956,1.5101190686886805
1.508803603590638,1.508804034793373
1.483200821836768,1.4832012488490103
1.478627842755599,1.4786282691540058
1.4771050894836837,1.4771055156761383
1.4724883975742138,1.4724888229917923
1.450383071041475,1.4503834930816555
1.4470397119941762,1.4470401335207022
1.4444886458904131,1.44448906686684
1.4371836458770748,1.437184065770025
1.4362165110254406,1.4362169308856607
1.4181586344741104,1.4181590516098554
1.4122242680714867,1.4122246844041453
1.402808408404773,1.4028088233971636
1.3954482857816577,1.3954486994147
1.386998572892591,1.386998985434286
1.3864749807868386,1.386475393217316
1.3802686732606857,1.380269084793591
1.3692882280371172,1.3692886380588352
1.3561851486916796,1.3561855570878323
1.355282618178117,1.3552830263360027
1.3485800842334654,1.3485804916452528
1.336554395776725,1.3365548014679753
1.3306120232679222,1.3306124280497165
1.3245347463041577,1.3245351503934844
1.3183028157017593,1.3183032188442816
1.3171179958771662,1.3171183989510131
1.3045433062643417,1.304543707607774
1.2941869415158684,1.294187341590649
1.2858429556021174,1.285843354675564
1.2816890021572038,1.2816894007644812
1.2774970628444366,1.2774974608199885
1.2731958903902385,1.273196287843576
1.2641968707904974,1.2641972671676014
1.25471635492787,1.2547167501374177
1.2462419404644207,1.24624233468855
1.2424571138471627,1.2424575076902147
1.234524030171003,1.2345244230300267
1.227322223649029,1.2273226156373085
1.223700229979038,1.2237006216016828
1.2122755321818426,1.212275922532812
1.2118691081610833,1.2118694984763139
1.205129504203239,1.205129893690633
1.1927570685897881,1.192757456691205
1.1826028943700866,1.182603281452884
1.1797991803319983,1.1797995671502668
1.178486132058841,1.1784865187658558
1.1759757431332698,1.1759761295165956
1.161849622000075,1.1618500069442947
1.1533937881707026,1.1533941721580019
1.1470263551441375,1.1470267385155855
1.1460158404368386,1.1460162237666809
1.1346759500778096,1.134676332195518
1.1309407191131977,1.1309411009285852
1.1246053214118514,1.124605702518435
1.1182459109969474,1.1182462916369318
1.1143874401565326,1.114387820322745
1.099993081397009,1.099993460216432
1.0961968342613955,1.0961972127692732
1.0917313421995558,1.091731720254541
1.0895997589081503,1.0896001367049917
1.0835357996992288,1.0835361769501954
1.0689691365135081,1.0689695125507803
1.0681296382168388,1.0681300141885361
1.0610538474957083,1.061054222861592
1.0534008223147762,1.0534011969714765
1.050770398484578,1.0507707729210896
1.0403667780543395,1.0403671517289848
1.0378308288036109,1.0378312021706
1.0325745548526297,1.0325749278213068
1.023926896141043,1.023927268338287
1.0128728135770493,1.0128731851664072
1.0116206254054954,1.0116209967613954
1.0065394246950343,1.006539795548982
1.0041285219272775,1.004128892618729
0.9807180267417028,0.9807183957585902
0.9807022940769268,0.9807026631436576
0.9806865300618192,0.9806868990992783
0.9806707960529533,0.9806711650253567
0.980655050521817,0.9806554195449236
0.9806392883749419,0.9806396574958932
0.9806235448613028,0.9806239138348227
0.98060780283129,0.9806081719255073
0.9805920627949819,0.9805924317680401
0.9316684900835519,0.9316688556265603
0.918656892131791,0.9186572570318507
0.9116608817136737,0.9116612460609506
0.9113448339550203,0.9113451983350805
0.904919252217923,0.9049196161386004
0.9035881756667964,0.9035885394259364
0.8900098270838368,0.8900101903243278
0.8847841307166301,0.8847844934501599
0.8790329004020775,0.8790332629686993
0.8782778555473658,0.87827821804401
0.8703081605260593,0.8703085226546633
0.861227419129707,0.8612277807396331
0.858305456233554,0.8583058176370695
0.8517141643781106,0.851714525348877
0.8463566409031813,0.8463570016282944
0.8382206203321672,0.8382209807503359
0.8322744089784019,0.8322747691941454
0.8321898363190354,0.8321901965635201
0.8251983924174939,0.8251987522043204
0.8132686709984551,0.8132690302951501
0.8072374517781693,0.8072378107875389
0.8064041360827969,0.8064044950404928
0.8031146078380951,0.8031149665978462
0.7987009727451044,0.7987013313501181
0.7809169529760243,0.7809173110152311
0.7797193128293277,0.7797196707979974
0.7772794469396109,0.7772798047565891
0.7737107015691345,0.7737110593635385
0.7721924392979345,0.7721927969739578
0.7556985120125163,0.7556988690444789
0.7482755417301823,0.7482758986033449
0.7456563711945898,0.7456567279501003
0.7456433275161587,0.7456436841584375
0.744024042300059,0.7440243990165879
0.7307206372460319,0.7307209935606113
0.7201623987151786,0.7201627547283483
0.719024112644507,0.7190244684695752
0.7140144250565451,0.7140147810990907
0.7110250223337707,0.7110253781058306
0.7059568589043722,0.7059572144812173
0.6928845203362135,0.6928848756381198
0.6923052327541063,0.6923055880850978
0.6836398470818816,0.6836402020217397
0.6813827983568935,0.6813831533182073
0.675768093535147,0.6757684483827251
0.666395414348378,0.6663957691326433
0.6654573270593563,0.6654576818435636
0.6569772038069611,0.656977558562521
0.6528562479965428,0.6528566026055039
0.640661312109705,0.6406616664669461
0.6398278669810337,0.6398282213835467
0.6384521109551748,0.638452465279092
0.6327247589502177,0.6327251130729139
0.6216172334391616,0.6216175877488679
0.6156724546069957,0.615672808715159
0.6112655909676639,0.6112659449071394
0.6086247655656654,0.6086251194376058
0.603156044528059,0.6031563984418596
0.5914830387647189,0.5914833926169408
0.5898738164156601,0.5898741702983641
0.5847258564592425,0.5847262104827068
0.5838936080917968,0.5838939620488999
0.5684064579092406,0.5684068118890192
0.5613530527517591,0.5613534066152654
0.5575747751332669,0.5575751289021256
0.5565098667255417,0.5565102203719235
0.5485744499978412,0.5485748038003121
0.541512272557694,0.5415126264445028
0.5415027250850646,0.5415030790202199
0.5414932017320799,0.5414935555319829
0.541483700997279,0.541484054929017
0.5414742214978993,0.5414745752926776
0.541464761957596,0.5414651159377782
0.5414553211951607,0.5414556751008832
0.5414458981151635,0.5414462519871724
0.5414364916993051,0.5414368456647344
0.5414271009980373,0.5414274548909829
0.5414177251246413,0.5414180790720368
0.5414083632479162,0.5414087171115347
0.5413990145879221,0.5413993684795465
0.5413896784092448,0.5413900322989731
0.5413803540186071,0.5413807078389417
0.541371040758887,0.541371394697374
0.5413617380061118,0.5413620919698119
0.5413524451661715,0.5413527990439979
0.541343161671023,0.5413435155545978
0.5413338869761807,0.5413342408072298
0.5413246205573208,0.5413249744820879
0.5413153619085237,0.5413157157659714
0.5413061105391243,0.5413064643756677
0.5412968659713661,0.5412972197996149
0.541287627738282,0.5412879815809142
0.5412783953811134,0.5412787491804946
0.5412691684475296,0.5412695224248246
0.5412599464884499,0.5412603004092907
0.54125072905739,0.5412510828507286
0.5412415157066393,0.5412418695116044
0.5412323059850032,0.5412326598985242
0.5412230994367419,0.5412234532987795
0.5412138955971135,0.5412142494840211
0.541204693990873,0.5412050478877666
0.5411954941280024,0.5411958479252603
0.541186295502098,0.5411866492858781
0.5411770975851812,0.5411774515858566
0.5411678998245185,0.5411682536648689
0.5411587016383064,0.5411590555411367
0.5411495024095585,0.5411498563101919
0.5411403014820507,0.5411406553689536
0.5411310981519682,0.5411314520597265
0.5411218916628032,0.5411222456239657
0.5411126811946209,0.5411130351847091
0.541103465855285,0.541103819782518
0.5410942446694451,0.5410945985402784
0.5410850165634767,0.5410853704987011
0.5410757803512797,0.5410761341410962
0.5410665347138283,0.5410668885080219
0.5410572781783949,0.5410576321102448
0.5410480090904125,0.5410483630565437
0.5410387255807076,0.5410390795742634
0.5410294255271182,0.5410297794158737
0.5410201065049569,0.5410204604159159
0.5410107657279392,0.5410111197055023
0.5410013999733447,0.5410017538675798
0.5409920054901286,0.5409923593021689
0.5409825778801101,0.5409829318155441
0.5409731119487654,0.5409734658800583
0.5409636015113135,0.5409639553741152
0.5409582225960521,0.5409585765151746
0.5409540391396235,0.5409543930979049
0.5409444158285575,0.5409447696864614
0.5409347205479373,0.5409350744405406
0.5409249396342706,0.5409252934906679
0.5409150559473981,0.5409154097603903
0.5409050476836832,0.5409054016048433
0.5408948866668629,0.5408952405083023
0.540884535825624,0.5408848897503533
0.5408739453768436,0.5408742992801832
0.5408735111915054,0.5408738651048036
0.5408630468530023,0.5408634007368381
0.5408517434176952,0.5408520972985918
0.5408398934611129,0.5408402473282807
0.5408338576127156,0.5408342114453621
0.5408272813258088,0.5408276352175706
0.5408135616148644,0.5408139154526311
0.5408083100823475,0.5408086639613084
0.5407981443447318,0.5407984980847869
0.5407889799845159,0.5407893339360729
0.5407799319132718,0.540780285794376
0.5407729365618917,0.5407732904404655
0.5407588412625636,0.5407591950503754
0.5407566238033935,0.5407569777448422
0.5407459958562174,0.5407463498325639
0.5407340004652306,0.5407343543530561
0.5407226095906282,0.5407229635568377
0.5407224486989147,0.5407228025587643
0.5407116641696369,0.540712018008443
0.5407010566099094,0.5407014104614256
0.540690711526888,0.5406910653553426
0.5406805745296455,0.5406809284639053
0.5406706053862971,0.540670959238422
0.5406607736968443,0.5406611276465608
0.5406576792003455,0.5406580330737467
0.5406510560613994,0.5406514100334897
0.5406414341739644,0.5406417880891995
0.5406318935064649,0.5406322474873239
0.5406224223812234,0.5406227762223668
0.5406130113042698,0.5406133652214242
0.5406036524758565,0.540604006371282
0.540594339429144,0.5405946933948842
0.5405850667557736,0.5405854206092711
0.5405758298980711,0.5405761838298574
0.5405666249866475,0.540566978935957
0.5405574487156342,0.5405578026109129
0.5405482982432395,0.540548652113794
0.5405391711118307,0.5405395249777015
0.5405300651859866,0.5405304190919946
0.5405209786002115,0.5405213324739373
0.540511909717703,0.5405122635613573
0.5405028570960688,0.5405032110384552
0.5404938194591534,0.5404941732879887
0.5404847956732178,0.5404851495882084
0.5404757847276713,0.5404761385138293
0.5404667857183726,0.5404671395988635
0.540457797834143,0.540458151783371
0.5404488203447742,0.5404491741629771
0.5404398525907832,0.5404402064725875
0.5404308939752006,0.5404312479173601
0.5404235180858211,0.5404238720500992
0.5404219439565735,0.5404222978668033
0.5404130020414847,0.5404133558916216
0.540404067779855,0.540404421562218
0.5403951407606238,0.540395494622934
0.5403862206063128,0.540386574488907
0.5403773069709233,0.5403776607855574
0.5403683995355324,0.5403687534489852
0.5403594980062691,0.5403598519766029
0.5403506021116775,0.5403509559116546
0.5403417115998479,0.5403420655098559
0.5403328262376099,0.5403331801043181
0.5403239458085842,0.5403242996584989
0.540315070110721,0.5403154239987127
0.5403061989562076,0.5403065527961091
0.540297332169705,0.5402976861238306
0.540288469586725,0.5402888234883736
0.5402796110537795,0.5402799649629307
0.5402707564264441,0.5402711104469553
0.540261905569186,0.5402622594470945
0.5402530583547906,0.5402534122921533
0.5402442146627611,0.5402445683975667
0.5402353743802816,0.540235728384549
0.5402265374001773,0.5402268912936992
0.5402177036211075,0.5402180575727936
0.5402088729472257,0.5402092268288765
0.5402000452875402,0.5402003992447743
0.5401912205557283,0.5401915744549393
0.5401823986694353,0.5401827525325131
0.5401735795509528,0.5401739335049058
0.5401647631252819,0.5401651170432147
0.5401559493214066,0.540156303192972
0.540147138071098,0.5401474920183835
0.54013832930909,0.5401386832177041
0.5401295229731432,0.5401298768550391
0.5401207190030303,0.540121072893795
0.5401119173416108,0.5401122713339727
0.5401031179329502,0.5401034718284468
0.5400943207235939,0.5400946745323839
0.5400855256620705,0.5400858795647069
0.5400767326983176,0.5400770865415945
0.5400679417836451,0.5400682956915038
0.5400591528712695,0.5400595068043026
0.5400503659158937,0.5400507198159878
0.5400415808723281,0.5400419348179734
0.5400327976973883,0.5400331517188472
0.5400240163486063,0.5400243702902044
0.5400152367836802,0.5400155907604521
0.540006458961728,0.5400068128372812
0.5399976828418661,0.5399980367673216
0.5399889083841267,0.5399892624135804
0.5399801355477842,0.5399804894013713
0.5399713642930412,0.5399717183702836
0.5399625945793941,0.5399629484797823
0.5399538263659297,0.5399541802689576
0.5399450596108175,0.5399454135367125
0.5399362942717527,0.5399366483287789
0.5399275303048731,0.5399278842157533
0.5399187676636342,0.5399191215539505
0.5399100062996672,0.5399103602427721
0.5399012461614042,0.5399016000905579
0.5398924871921295,0.5398928410605625
0.5398837293307294,0.5398840833081533
0.5398749725084383,0.5398753264039763
0.5398662166472558,0.5398665704942123
0.5398574616568163,0.5398578155695747
0.5398487074308597,0.5398490613927219
0.5398399538405484,0.539840307780828
0.5398312007271046,0.5398315546607526
0.539822447888754,0.5398228017492211
0.5398136950634396,0.539814048954971
0.5398049418981106,0.5398052958120013
0.5397961879026264,0.5397965417903565
0.5397874323683612,0.5397877862686675
0.5397786742243456,0.5397790281506286
0.5397699117588002,0.5397702655996411
0.5397611420428764,0.5397614959385663
0.539752359591607,0.5397527135665459
0.5397435527565367,0.5397439067061256
0.5397346916195089,0.5397350454612941
0.5397256688719183,0.5397260226928139
0.5397155900498082,0.5397159440168461
0.5397009822799814,0.5397013363224609
0.5396919339385697,0.5396922879097142
0.5396830700211848,0.5396834239329127
0.5396742668583449,0.5396746208794526
0.539665491445669,0.5396658453630528
0.5396567312158611,0.5396570850945751
0.5396479803305353,0.5396483342447539
0.5396392357017764,0.5396395896247662
0.5396304955372134,0.5396308494894768
0.5396217587196643,0.5396221127149703
0.5396130245130378,0.5396133783328473
0.5396042924086683,0.5396046461968776
0.5395955620408632,0.5395959159690185
0.5395868331373864,0.5395871870187634
0.5395781054883516,0.5395784593735221
0.5395693789283276,0.5395697328232096
0.53956065332225,0.5395610072216454
0.53955192855784,0.5395522824865023
0.539543204538674,0.539543558453377
0.5395344811812786,0.5395348351040472
0.5395257584110096,0.5395261123287768
0.5395170361597355,0.5395173901367025
0.5395083143657796,0.5395086683543344
0.5394995929701419,0.5394999468627498
0.5394908719179436,0.5394912258174168
0.5394821511554003,0.5394825049715043
0.5394734306310744,0.539473784471294
0.5394647102946148,0.5394650641796906
0.5394559900955869,0.5394563439231538
0.5394472699847729,0.5394476239209057
0.539438549912411,0.5394389037800332
0.5394298298286543,0.5394301837290454
0.5394211096830421,0.5394214636856147
0.5394123894242651,0.5394127433391548
0.5394036690004694,0.5394040229363478
0.5393949483580426,0.5393953023766934
0.5393862274430232,0.5393865814225955
0.5393775061991926,0.5393778601563819
0.539368784569289,0.53936913853222
0.5393600624937382,0.5393604163857553
0.5393513399110235,0.5393516938722556
0.539342616758218,0.5393429706354519
0.5393338929689523,0.5393342469310627
0.5393251684753693,0.5393255224120053
0.5393164432063233,0.5393167971330974
0.5393077170879053,0.5393080710028245
0.5392989900430838,0.539299343893377
0.5392902619912759,0.5392906158595728
0.5392815328482027,0.5392818869471434
0.539272802525859,0.5392731565620725
0.5392640709324671,0.5392644248231827
0.5392553379704852,0.5392556918858421
0.5392466035389157,0.5392469574394124
0.5392378675304168,0.5392382215020155
0.5392291298324967,0.5392294837174813
0.5392203903268692,0.5392207443050322
0.5392116488876677,0.539212002707297
0.539202905383422,0.5392032593262759
0.5391941596739405,0.5391945136411934
0.5391854116108791,0.5391857655424611
0.5391766610375781,0.5391770149568862
0.5391679077867534,0.5391682617474718
0.5391591516814286,0.5391595055395729
0.5391503925326908,0.539150746543326
0.5391416301394911,0.5391419841283165
0.5391328642870576,0.5391332181940424
0.5391240947457381,0.5391244486947193
0.5391153212699468,0.5391156752010339
0.539106543596254,0.539106897585024
0.5390977614420277,0.5390981154171754
0.5390889745029842,0.539089328505721
0.5390801824520648,0.5390805364302321
0.5390713849354989,0.5390717389167138
0.5390625815714398,0.5390629355539233
0.5390537719471994,0.5390541259033591
0.5390449556136929,0.5390453095354549
0.5390361320835603,0.5390364859934359
0.5390273008263865,0.5390276548295627
0.5390184612630108,0.5390188151575465
0.5390096127600438,0.5390099666758803
0.5390007546229078,0.5390011086170485
0.5389918860896148,0.5389922400216192
0.5389830063194687,0.538983360304854
0.5389741143849013,0.5389744683428144
0.5389652092582936,0.5389655632310351
0.5389562897997486,0.5389566437633475
0.5389473547378759,0.538947708797688
0.5389384026531103,0.5389387565796485
0.5389294319540556,0.5389297859488902
0.5389204408498497,0.5389207947581356
0.5389114273183926,0.538911781380984
0.5389023890667187,0.538902743058062
0.5389006302053425,0.5389009841211648
0.5388933234849022,0.5388936774959548
0.538884227586882,0.5388845815971854
0.5388750979416281,0.5388754520267284
0.5388659305858066,0.538866284608849
0.5388567209149505,0.5388570749030028
0.5388474635495926,0.5388478175091624
0.5388381521617133,0.538838506168318
0.538828779258557,0.5388291331871781
0.5388193358969954,0.5388196899128155
0.5388098113165768,0.5388101652070744
0.5388001924506898,0.5388005464060482
0.5387904632723505,0.5387908172547331
0.5387857110822243,0.5387860650825596
0.5387806039045158,0.5387809577063212
0.5387705893873337,0.5387709433191892
0.538760387941718,0.5387607420219263
0.5387499584647464,0.5387503124601717
0.5387392468386075,0.5387396007797587
0.5387333042309203,0.5387336581873211
0.5387281803328834,0.5387285343224185
0.5387166588442808,0.5387170127627561
0.5387045406790574,0.5387048946400651
0.5387008091116504,0.5387011631545664
0.5386916184430951,0.5386919724141223
0.5386775759711189,0.5386779299318116
0.538677153784855,0.5386775077525556
0.5386619062613933,0.5386622602845441
0.5386581889014771,0.5386585427938221
0.5386437419510813,0.5386440959764182
0.538642009807398,0.5386423637837684
0.5386276196917735,0.5386279735934081
0.5386214661593319,0.5386218201033882
0.5386144463347857,0.5386148003238527
0.5386021378067095,0.5386024918321664
0.5385916807208548,0.5385920346613638
0.5385904657655357,0.5385908196363338
0.5385792755784844,0.5385796295025522
0.5385684587944151,0.5385688127908055
0.5385579370934448,0.538558291031823
0.5385476524950588,0.5385480064153457
0.5385458268601588,0.5385461808746019
0.5385375611517228,0.5385379151289225
0.5385276292834271,0.5385279832649617
0.5385178304385894,0.5385181843806882
0.5385081436031302,0.5385084974972517
0.5384985518667578,0.5384989058755865
0.5384890414613638,0.5384893954629052
0.5384796010588522,0.5384799549382336
0.5384702212482704,0.5384705752011184
0.5384608941420911,0.5384612480464296
0.5384544679636265,0.5384548219567931
0.538451613074686,0.5384519670233473
0.5384423723701437,0.5384427263481147
0.5384331671602519,0.5384335210775827
0.5384239932418452,0.5384243471823029
0.5384148469612475,0.538415200888548
0.5384057251240912,0.538406079117265
0.5383966249199933,0.538396978917061
0.5383875438626813,0.5383878978757971
0.5383784797399818,0.5383788336452392
0.5383694305726271,0.5383697845533059
0.5383603945804675,0.5383607484618007
0.538351370152688,0.5383517240551158
0.5383460915348791,0.5383464455320018
0.5383423558250856,0.5383427097433956
0.53833335025778,0.5383337043112822
0.5383243522195462,0.5383247063335266
0.5383153605717225,0.5383157144760434
0.5383063742555978,0.5383067281357226
0.5383021409512898,0.5383024949445452
0.5382973922809554,0.538297746161309
0.5382884137162941,0.5382887677031539
0.5382794376803439,0.5382797916463967
0.5382704633343706,0.5382708172510265
0.5382614898750412,0.5382618438225641
0.538252516528476,0.5382528705112578
0.538243542545288,0.5382438964673563
0.5382345671940696,0.5382349211152537
0.538225589757941,0.5382259437330096
0.5382166095295121,0.5382169634253372
0.5382076258065651,0.5382079798083484
0.5381986378882107,0.5381989919226494
0.5381896450721675,0.5381899990647205
0.5381806466487528,0.5381810005949472
0.5381716418991886,0.5381719959102617
0.5381626300902379,0.538162984042081
0.5381536104719337,0.538153964497025
0.5381445822721473,0.5381449362152443
0.5381355446939338,0.5381358987032072
0.5381264969102123,0.53812685085538
0.5381174380603241,0.5381177919864116
0.538109075259688,0.5381094291965299
0.5381083672442575,0.5381087211095928
0.5380992835182837,0.5380996375029746
0.5380901858896631,0.5380905398691018
0.5380810733091633,0.5380814273124788
0.5380765130344621,0.5380768669538186
0.5380719446666463,0.5380722985265614
0.5380627987828422,0.5380631527619887
0.5380536344016034,0.5380539883832968
0.5380444501810461,0.5380448041934288
0.5380352446840673,0.5380355986847808
0.5380260163678503,0.5380263703679224
0.538016763571115,0.5380171176347449
0.5380074845006211,0.5380078385024374
0.5379981772163347,0.5379985310064601
0.5379888396134759,0.537989193575197
0.5379794694031914,0.5379798234309464
0.537970064089115,0.5379704181249718
0.5379606209428267,0.5379609749524604
0.5379557866341145,0.5379561405025771
0.5379511369727659,0.5379514908343442
0.5379416088913241,0.5379419628191663
0.5379320330747113,0.5379323869504871
0.5379224055167078,0.537922759481956
0.5379127217763714,0.5379130757628926
0.5379029769134656,0.5379033308407031
0.5378931654166068,0.5378935195162997
0.5378832811149871,0.5378836350372111
0.5378788342230073,0.5378791881723456
0.5378733170748072,0.5378736711444887
0.5378632654761784,0.5378636194043058
0.5378531174653985,0.5378534713921147
0.5378428629746805,0.5378432169655201
0.537832490506071,0.5378328444378716
0.5378242307601437,0.5378245847961421
0.5378219868646972,0.53782234091647
0.5378113368323382,0.5378116907217725
0.5378005227609549,0.537800876730379
0.5377895240656784,0.5377898781001006
0.5377825567063319,0.5377829105596769
0.5377783165844024,0.5377786705166943
0.5377668717623018,0.5377672256635319
0.5377620519506082,0.5377624059788954
0.5377551556030749,0.5377555095772935
0.5377490289662135,0.5377493829616103
0.5377431273050487,0.5377434812497981
0.5377307374639427,0.5377310913852045
0.5377209626047047,0.5377213165210596
0.5377179256761164,0.5377182796224985
0.5377046172931961,0.5377049711910492
0.5376967346455747,0.5376970885958295
0.5376907189554438,0.5376910729268894
0.5376761123313194,0.5376764662824164
0.5376753064828397,0.5376756604296142
0.5376606451662782,0.5376609991854011
0.5376559826629264,0.537656336715632
0.5376441181842299,0.5376444721864407
0.5376382800011306,0.5376386340576583
0.5376262654140941,0.5376266193985997
0.5376218523390741,0.5376222062364452
0.537606723740771,0.5376070777687179
0.5376064451798084,0.5376067991636992
0.5375918672216031,0.5375922211033347
0.5375849841155252,0.5375853380734382
0.5375779718766525,0.5375783258229271
0.5375646449163813,0.5375649989332756
0.5375603100912625,0.5375606640631437
0.5375517959949021,0.5375521498750205
0.5375393527061443,0.5375397066283789
0.5375315949956831,0.537531948968689
0.5375272563272724,0.5375276103311007
0.5375154587212586,0.5375158126836631
0.5375039200411668,0.5375042740212397
0.5374970961341449,0.5374974500609422
0.5374926070075389,0.5374929610019717
0.5374814915971056,0.5374818456384862
0.5374738086880205,0.5374741627951929
0.5374705500327686,0.5374709040458706
0.5374597619972562,0.537460115957733
0.5374539020632044,0.5374542560147659
0.5374491100142791,0.5374494639767449
0.5374385789576173,0.5374389329350228
0.5374281556571596,0.5374285095835337
0.5374178285811577,0.537418182500679
0.5374075875785679,0.5374079414984092
0.537397423666107,0.5373977776039521
0.5373967582359834,0.537397112150783
0.5373873288537073,0.5373876828769792
0.5373772959997007,0.5373776499985531
0.5373673186890902,0.5373676726638597
0.5373573911314895,0.5373577451348066
0.5373475080751092,0.537347862047854
0.5373376647336234,0.5373380186149225
0.5373278567232248,0.5373282106603412
0.5373180800085329,0.5373184340448327
0.5373151273349988,0.537315481304014
0.5373083308564744,0.5373086848303746
0.5373010257688473,0.5373013797438451
0.5372986057956626,0.5372989597822223
0.537288901580577,0.5372892555928336
0.5372792151601503,0.5372795691187762
0.5372695436511263,0.5372698976646159
0.5372598843121085,0.5372602382699504
0.5372502345224074,0.5372505885132448
0.5372405917610713,0.5372409458818937
0.5372309535883526,0.5372313075157438
0.537221317629007,0.5372216716514001
0.537211681556541,0.5372120355293101
0.5372020430775467,0.5372023971119227
0.5371923999173537,0.5371927539686052
0.5371846998029972,0.5371850538201813
0.5371843818767426,0.5371847358307442
0.537182749806336,0.5371831036688721
0.5371730904662881,0.5371734445223152
0.5371634195961164,0.5371637735866862
0.5371537348591641,0.537154088924781
0.5371440338681718,0.5371443879508314
0.5371343141722014,0.5371346681336886
0.5371245732409,0.5371249272165052
0.537114808448201,0.5371151623208803
0.5371050170572162,0.5371053710437739
0.5371000796900192,0.5371004336420677
0.5370951962005812,0.5370955502874979
0.5370853428623373,0.5370856968265962
0.537075453855523,0.5370758078101697
0.5370655257997291,0.5370658797294664
0.5370555550950876,0.5370559091487764
0.5370455378937068,0.5370458918009374
0.5370354700676504,0.5370358240857714
0.5370350105515327,0.5370353645662834
0.5370253471725681,0.5370257011603907
0.5370151644082489,0.5370155183464664
0.5370049165711067,0.537005270572733
0.5369945980035032,0.5369949520825094
0.5369842025330436,0.536984556507043
0.5369828374610947,0.5369831914522543
0.5369737234036875,0.536974077376971
0.5369631531975032,0.5369635071630037
0.5369524837418163,0.5369528377145907
0.5369417060033166,0.5369420598850609
0.5369396146161673,0.5369399685512407
0.536930971376433,0.5369313252731157
0.5369308099631621,0.5369311639887121
0.5369197844711534,0.5369201385762256
0.5369086170731844,0.5369089710470814
0.5369028555328711,0.5369032094491548
0.5368972938066775,0.5368976479326482
0.5368857989583209,0.5368861529863848
0.5368741147717666,0.5368744687284105
0.5368709160792587,0.5368712700731432
0.5368622210981366,0.5368625750013839
0.5368500949693613,0.5368504489066902
0.5368426658809935,0.5368430199315987
0.5368377100822532,0.5368380640370932
0.5368250361595566,0.5368253901565895
0.5368173023129457,0.53681765627073
0.5368120381650211,0.5368123921498155
0.5367986753209255,0.5367990293274884
0.5367942398043255,0.5367945938422688
0.5367848998730251,0.5367852538731814
0.5367730411458667,0.5367733951394832
0.5367706555258752,0.5367710094815709
0.5367558754343142,0.5367562294214541
0.5367533733215294,0.5367537273699082
0.5367404796038314,0.5367408335752873
0.536734978225275,0.5367353321832744
0.5367243714812895,0.5367247254510027
0.5367176527254353,0.5367180066380971
0.5367074334285362,0.5367077873301455
0.5367012347718975,0.5367015887833048
0.5366895206280612,0.5366898746572345
0.5366855935126696,0.536685947478974
0.5366706221315053,0.5366709761191715
0.536670452743902,0.53667080675638
0.53665623257243,0.536656586619297
0.5366500023188586,0.536650356340798
0.5366423515940042,0.5366427056425936
0.5366289177802527,0.5366292718039909
0.5366278783026708,0.5366282323897014
0.5366158792459081,0.5366162332761153
0.5366037021658473,0.5366040561525747
0.5366031918574702,0.53660354585219
0.5365908178362263,0.5365911717946984
0.5365787246553112,0.5365790786476012
0.5365769723743222,0.5365773263902134
0.5365668841565229,0.5365672381487552
0.5365552718414103,0.5365556258466184
0.5365470100515914,0.5365473639459449
0.5365438662945683,0.536544220368657
0.5365326487131383,0.5365330027913522
0.5365216025207656,0.5365219565668096
0.5365128730763148,0.5365132270952587
0.5365107130468302,0.5365110669015029
0.5364999672599161,0.5365003212315946
0.5364893535454335,0.5364897074772925
0.536478861517981,0.5364792155875342
0.5364732149800455,0.5364735689535116
0.5364684818624953,0.5364688358674881
0.5364582061994837,0.5364585602121862
0.5364480269712365,0.5364483808549181
0.5364379373425175,0.5364382912258029
0.536427931116614,0.5364282851480404
0.5364260423844786,0.5364263963162044
0.5364180026623151,0.5364183566182767
0.5364081468506499,0.5364085008667372
0.5363983590003089,0.5363987130049623
0.5363886348293806,0.5363889887474261
0.5363789704137617,0.5363793244758436
0.5363693621506624,0.5363697161056444
0.5363682745085666,0.5363686284489486
0.5363598067264036,0.5363601606763959
0.5363503010869749,0.5363506550813234
0.5363408424148233,0.5363411963873002
0.5363314281044942,0.5363317820268249
0.5363220557443454,0.5363224096879287
0.5363127230979327,0.5363130770133054
0.5363034280888997,0.5363037820201123
0.5362948873848173,0.5362952412915819
0.5362941687866603,0.5362945226797697
0.5362849433940154,0.5362852973476482
0.5362757502347975,0.5362761041596302
0.5362665877460775,0.5362669416811335
0.5362574544660962,0.536257808386255
0.5362483490276981,0.5362487030323355
0.5362392701504407,0.5362396240750463
0.5362302166341877,0.5362305706281176
0.5362211873519522,0.5362215413757918
0.5362121812454967,0.5362125351484022
0.536205248858258,0.5362056028406225
0.5362031973194418,0.5362035512515525
0.5361971033939871,0.5361974572302269
0.5361942346365257,0.5361945886892762
0.5361852923142648,0.5361856462919045
0.5361763695199611,0.5361767234838694
0.5361674654678417,0.5361678195249875
0.5361585794158626,0.5361589332821856
0.5361497106619754,0.5361500645819702
0.5361408585426387,0.5361412125013676
0.5361320224292797,0.5361323763825245
0.5361232017257473,0.5361235557228662
0.5361143958675931,0.5361147498553022
0.5361056043184214,0.5361059582042106
0.53609682656919,0.5360971805869591
0.5360880621365198,0.5360884160805212
0.536079310560063,0.5360796646209945
0.536070571402273,0.5360709253311361
0.5360618442464338,0.5360621981561801
0.5360581107578976,0.5360584646814375
0.5360531286956178,0.5360534826483707
0.5360444243708711,0.5360447782960432
0.5360357309117312,0.5360360848615916
0.5360270479733598,0.5360274018698483
0.5360183752271267,0.536018729110668
0.5360097123584677,0.5360100662825351
0.5360010590668917,0.5360014129651534
0.5359924150651705,0.5359927690305097
0.5359837800783186,0.5359841340949051
0.5359751538428634,0.5359755078293625
0.5359665361067524,0.5359668900876944
0.5359579266284423,0.5359582806689408
0.5359493251762062,0.5359496791983395
0.5359407315279073,0.5359410855206153
0.5359321454701719,0.535932499443895
0.5359235667980565,0.5359239207488944
0.5359149953150507,0.5359153492893751
0.5359064308324412,0.5359067848095048
0.5358978731682129,0.5358982271722318
0.5358893221480973,0.5358896760759883
0.5358807776036018,0.5358811315847865
0.5358722393735041,0.535872593278277
0.535863707301765,0.5358640612934688
0.5358551812383148,0.5358555352923947
0.5358466610392255,0.5358470149551625
0.5358412860424188,0.5358416399653654
0.5358381465646928,0.5358385005376118
0.5358296376808238,0.5358299916651771
0.5358211342578966,0.5358214881550712
0.5358126361713077,0.5358129900895299
0.5358041433000396,0.5358044973588619
0.5357956555276326,0.5357960094331718
0.5357871727419469,0.5357875267967249
0.535778694834443,0.5357790487367353
0.5357702216998134,0.5357705756096497
0.5357617532366785,0.5357621071961816
0.5357532893470386,0.535753643304306
0.5357448299358052,0.5357451838519411
0.5357363749109327,0.5357367289029494
0.5357279241840136,0.5357282783020528
0.5357194776687294,0.5357198315923017
0.5357110352819116,0.535711389267248
0.5357025969426457,0.5357029509339013
0.5356941625729567,0.535694516500893
0.5356857320967872,0.535686086114418
0.5356773054405631,0.5356776592993017
0.5356688825334917,0.5356692365399095
0.5356604633060827,0.5356608171783255
0.5356520476915569,0.5356524015891209
0.5356436356246366,0.5356439896078308
0.5356352270423866,0.5356355809787187
0.53562682188321,0.53562717584783
0.5356184200877937,0.5356187740233874
0.5356100215982982,0.5356103754870692
0.5356016263584759,0.5356019802754249
0.5355932343140233,0.5355935882788614
0.5355848454115768,0.5355851993054019
0.5355764595998098,0.5355768135104781
0.535568076828107,0.5355684307021132
0.5355596970480839,0.535560050916907
0.5355513202123776,0.5355516741823219
0.5355429462745598,0.5355433001875991
0.5355345751896482,0.5355349291885786
0.535526206914207,0.5355265609477969
0.5355178414054733,0.5355181953737854
0.535509478622005,0.5355098325853273
0.5355011185232851,0.5355014725367881
0.5354927610703112,0.5354931149265464
0.535484406224452,0.5354847601750582
0.5354760539486174,0.5354764078801937
0.5354677042062671,0.535468058105864
0.5354593569618566,0.5354597108704938
0.5354510121809409,0.5354513662288075
0.5354498168850917,0.5354501708460933
0.5354426698295721,0.53544302376045
0.535434329875197,0.5354346837853207
0.5354259922853585,0.5354263462576352
0.5354176570290876,0.5354180108851075
0.5354093240752894,0.5354096780697216
0.5354009933945627,0.5354013473911716
0.5353926649577296,0.5353930189591037
0.5353843387360296,0.5353846926272761
0.5353760147021035,0.5353763687338621
0.5353676928286794,0.5353680468401322
0.5353593730893675,0.5353597271746647
0.5353510554582702,0.5353514094632476
0.5353427399099457,0.5353430938064898
0.5353344264198201,0.5353347803869852
0.5353261149636954,0.5353264689490451
0.5353178055180574,0.5353181594012001
0.5353094980597578,0.5353098519902022
0.5353011925662144,0.5353015464693014
0.5352928890153815,0.5352932429207818
0.5352845873854851,0.5352849412806351
0.5352762876558939,0.5352766415762735
0.5352679898052632,0.5352683438169348
0.53525969381412,0.5352600477740422
0.5352513996621667,0.5352517534568333
0.5352431073301902,0.5352434612216076
0.5352348167994503,0.5352351707120673
0.5352265280511298,0.5352268819920738
0.5352182410670567,0.535218595016042
0.5352099558295044,0.5352103096651898
0.5352016723212278,0.5352020261952584
0.5351933905249083,0.5351937445058397
0.5351851104239606,0.5351854644415536
0.5351768320019561,0.5351771858287948
0.5351685552427945,0.5351689091061473
0.5351602801307455,0.5351606340817816
0.5351520066505095,0.5351523604723474
0.5351437347871703,0.5351440887165283
0.5351354645252688,0.5351358184579263
0.5351271958509267,0.5351275497696395
0.5351189287496974,0.5351192826059331
0.5351106632077003,0.5351110171222391
0.5351023992109502,0.535102753163127
0.5350941367461037,0.5350944906099141
0.535085875800256,0.5350862297458034
0.5350776163602707,0.5350779702692194
0.5350693584134353,0.5350697122899085
0.5350611019473811,0.5350614558626446
0.5350528469498448,0.5350532008137725
0.5350445934089126,0.5350449472895373
0.5350363413123683,0.5350366952168424
0.5350280906495561,0.5350284445500028
0.5350198414083661,0.5350201952981561
0.5350115935778551,0.5350119475069892
0.53500334714733,0.5350037011673159
0.534995102105763,0.5349954560690808
0.534986858442755,0.5349872123583307
0.5349786161477402,0.5349789700534897
0.5349703752109867,0.5349707291819203
0.5349621356218934,0.5349624896339771
0.5349538973709941,0.5349542513273263
0.5349456604485284,0.5349460144448618
0.5349374248450364,0.5349377787123689
0.5349291905512846,0.5349295444314752
0.5349209575577514,0.5349213114923858
0.5349127258558812,0.5349130797581428
0.5349044954364459,0.5349048493201686
0.5348962662909322,0.5348966202423248
0.5348880384109003,0.5348883923601423
0.5348798117875082,0.5348801657010833
0.5348715864129192,0.5348719403291086
0.5348633622785367,0.5348637161802089
0.5348551393768235,0.5348554932269729
0.5348469176996222,0.534847271606559
0.5348386972390031,0.5348390511087124
0.534830477987617,0.5348308319253152
0.5348222599379177,0.534822613809713
0.5348140430824401,0.5348143970268858
0.5348058274136807,0.5348061812843932
0.5347976129249421,0.5347979668289906
0.5347893996089279,0.5347897534870215
0.5347811874588336,0.5347815414138694
0.5347729764676648,0.5347733304541519
0.5347647666288037,0.534765120425175
0.5347565579356112,0.5347569118385742
0.5347483503813104,0.5347487042831748
0.5347401439599831,0.5347404978961352
0.5347319386650583,0.5347322925950718
0.5347237344901671,0.5347240883252614
0.5347155314293764,0.5347158853333598
0.5347073294765511,0.5347076833544375
0.5346991286259559,0.5346994825072792
0.5346909288710257,0.5346912828100605
0.5346827302068324,0.5346830841440975
0.5346745326274296,0.5346748865642136
0.5346663361269334,0.5346666900063997
0.5346581407001748,0.5346584946625377
0.5346499463415217,0.534650300258561
0.5346417530457569,0.5346421070319884
0.5346335608071371,0.5346339147818014
0.5346253696210307,0.5346257237182068
0.5346171794819866,0.5346175334574407
0.5346089903848705,0.5346093443100705
0.5346008023249698,0.5346011562761466
0.5345926152971068,0.5345929692187099
0.5345844292965493,0.5345847832289847
0.534576244318128,0.5345765982887961
0.5345680603576758,0.5345684142244871
0.534559877410374,0.5345602313559121
0.5345516954713517,0.5345520494271785
0.5345435145365128,0.5345438683834134
0.5345353346010626,0.5345356883891876
0.5345310826333082,0.534531436665289
0.5345271556606901,0.5345275095358741
0.5345189777108318,0.5345193315767179
0.5345108007475087,0.5345111546396407
0.5345026247662551,0.5345029787064185
0.534494449763074,0.5344948036124814
0.5344862757337403,0.5344866296777337
0.5344781026741248,0.5344784565731845
0.5344699305803998,0.5344702845546778
0.5344617594480234,0.5344621134395683
0.534453589273744,0.5344539431636964
0.5344454200535165,0.5344457739190945
0.5344372517833855,0.5344376056509396
0.5344290844599052,0.5344294384505055
0.5344209180789189,0.534421272062048
0.5344127526368894,0.5344131066043029
0.534404588130207,0.5344049420589957
0.5343964245553442,0.5343967785723733
0.5343882619088751,0.5343886157880324
0.5343801001870556,0.5343804540622779
0.5343719393865666,0.5343722933677976
0.5343637795040043,0.5343641334030118
0.5343556205359259,0.5343559744146776
0.5343474624789546,0.534347816439295
0.534339305329854,0.5343396593123432
0.5343311490854757,0.5343315029882356
0.5343229937426381,0.5343233476953555
0.5343148392982314,0.5343151932144081
0.5343066857488816,0.5343070396002674
0.5342985330914876,0.5342988870264432
0.5342903813231,0.5342907352554652
0.534282230440875,0.5342825844060696
0.5342740804415378,0.5342744342680982
0.534265931322119,0.5342662852069943
0.534257783080059,0.5342581370310242
0.5342496357120832,0.5342499896487152
0.5342414892155282,0.5342418431422544
0.534233343587345,0.5342336976488014
0.5342251988251215,0.534225552784539
0.5342170549260197,0.5342174088509499
0.5342089118870724,0.5342092658572714
0.5342007697059684,0.5342011236481192
0.5341926283796952,0.534192982287505
0.5341844879056193,0.534184841747918
0.5341763482813342,0.5341767022304293
0.5341682095041826,0.5341685634061452
0.5341600715715429,0.5341604254759881
0.5341519344810368,0.534152288504019
0.5341437982302644,0.5341441522342937
0.5341356628164288,0.534136016676049
0.5341275282373005,0.5341278821765046
0.5341193944902711,0.5341197483974301
0.5341112615732125,0.5341116155856831
0.5341031294836833,0.5341034834488692
0.5340949982192598,0.5340953522061357
0.5340868677779828,0.5340872217937207
0.5340787381571908,0.5340790921018272
0.5340706093544593,0.5340709633407139
0.5340624813679415,0.5340628353092107
0.5340543541953906,0.5340547080440657
0.5340462278344674,0.5340465817644768
0.5340381022829968,0.5340384562693731
0.534029977538956,0.5340303315223044
0.5340218536001481,0.5340222075231721
0.5340137304643868,0.5340140843634493
0.5340056081294428,0.5340059620339496
0.53399748659362,0.5339978406534589
0.5339893658547463,0.5339897198564831
0.5339812459108076,0.5339815998805446
0.5339731267599446,0.5339734806617812
0.5339650083999811,0.5339653623189297
0.5339568908287243,0.5339572447880288
0.5339487740445854,0.5339491280233424
0.5339406580456664,0.5339410120798438
0.5339325428299851,0.5339328967471758
0.5339244283952552,0.533924782336158
0.5339163147402947,0.5339166686091694
0.533908201862982,0.5339085557306833
0.5339000897613031,0.5339004437281122
0.5338919784334168,0.5338923323456098
0.5338838678777102,0.533884221857298
0.5338757580924283,0.5338761120895666
0.5338676490757479,0.5338680030424164
0.5338595408259776,0.533859894770672
0.5338514333415072,0.5338517874113448
0.5338433266202112,0.533843680653863
0.533835220660688,0.533835574598689
0.5338271154611752,0.5338274694833955
0.5338190110200542,0.5338193649607614
0.5338109073355208,0.5338112612318101
0.5338028044060098,0.5338031583787785
0.5337947022303617,0.5337950561184076
0.5337866008062097,0.5337869547613198
0.5337785001323259,0.5337788540974544
0.5337704002070545,0.5337707541633115
0.5337623010289213,0.5337626550228044
0.5337542025963339,0.533754556575471
0.5337461049077772,0.5337464588488232
0.5337380079619107,0.5337383618518005
0.5337299117567633,0.5337302656393268
0.5337218162912103,0.5337221702571391
0.533713721563714,0.5337140754949783
0.5337056275726842,0.5337059814808178
0.5336975343166783,0.5336978883609066
0.5336894417942616,0.5336897957787368
0.5336813500041024,0.5336817038989804
0.5336732589447227,0.5336736129225624
0.5336651686146254,0.533665522593536
0.5336570790124261,0.5336574328846374
0.5336489901367737,0.5336493441613152
0.5336409019863889,0.5336412558935986
0.5336328145597993,0.5336331684195232
0.5336247278559327,0.5336250818762504
0.5336166418728746,0.5336169957611714
0.5336085566099146,0.5336089104946093
0.5336004720653731,0.5336008259942775
0.5335923882378681,0.5335927421232142
0.5335843051263415,0.5335846590366569
0.5335762227294653,0.5335765766706935
0.5335681410458909,0.5335684949796867
0.5335600600743442,0.5335604140549122
0.5335519798135139,0.5335523337593581
0.5335439002622908,0.5335442541387122
0.5335358214193315,0.5335361752477991
0.5335277432836059,0.5335280972510441
0.5335196658536853,0.5335200196917237
0.5335115891286011,0.5335119431544366
0.5335035131067971,0.5335038670819474
0.5334954377874068,0.533495791730006
0.5334873631689423,0.533487717080437
0.5334792892505655,0.5334796432153789
0.5334712160309176,0.5334715700435064
0.533463143509035,0.5334634974277586
0.5334550716835337,0.5334554257062216
0.5334470005531956,0.5334473544402977
0.5334389301173198,0.5334392839588861
0.5334308603744085,0.5334312142803613
0.5334227913235896,0.5334231452584749
0.5334147229635131,0.5334150769205898
0.5334066552933031,0.5334070092028431
0.5333985883120475,0.5333989422787483
0.5333905220182535,0.5333908760387052
0.5333824564110543,0.5333828103730648
0.5333743914893654,0.5333747453732017
0.5333663272520537,0.5333666811853167
0.5333582636982575,0.5333586175626478
0.5333502008268549,0.5333505547245946
0.5333421386368604,0.5333424925979581
0.5333340771270315,0.5333344311279632
0.5333260162965902,0.5333263701958729
0.5333179561443013,0.5333183101488126
0.5333098966693902,0.5333102506761578
0.5333018378707842,0.5333021917779084
0.5332937797475963,0.5332941336276279
0.53328572229886,0.5332860762345036
0.5332776655232342,0.5332780194249731
0.5332696094202232,0.5332699632994498
0.5332615539885027,0.5332619079311333
0.5332534992272481,0.5332538531462626
0.5332454451356544,0.5332457991277865
0.5332373917125419,0.5332377456745316
0.5332293389573249,0.5332296928778234
0.5332212868686389,0.5332216408475109
0.5332132354457507,0.5332135893733324
0.5332051846877544,0.5332055385557514
0.5331971345937655,0.5331974885318803
0.5331890851629043,0.5331894390915072
0.5331810363941903,0.533181390280419
0.5331729882870683,0.5331733422264917
0.5331649408400424,0.5331652948200756
0.5331568940526537,0.533157247933196
0.5331488479239943,0.5331492018765784
0.5331408024530085,0.5331411563395476
0.5331327576391117,0.5331331115596795
0.5331247134812307,0.5331250674364615
0.5331166699787414,0.533117023951619
0.5331086271304145,0.5331089810868277
0.5331005849355813,0.5331009388238622
0.5330925433935105,0.5330928972998356
0.5330845025032335,0.5330848564232241
0.5330764622641847,0.5330768161210765
0.5330684226752933,0.5330687766126443
0.5330603837360467,0.5330607376877149
0.5330523454451846,0.5330526994743133
0.5330443078021913,0.5330446616342024
0.5330362708062801,0.5330366246335949
0.5330282344564253,0.5330285884266055
0.5330201987521603,0.5330205527027067
0.5330121636925311,0.5330125176080498
0.5330041292767647,0.5330044832248235
0.5329960955040343,0.5329964493886019
0.5329880623735083,0.532988416227311
0.5329800298846652,0.5329803837774517
0.5329719980365365,0.5329723520208484
0.5329639668285692,0.5329643207381504
0.5329559362598341,0.5329562901942978
0.5329479063298701,0.5329482601974515
0.5329398770373609,0.5329402309029505
0.532931848382117,0.5329322023199327
0.5329238203631337,0.5329241742930597
0.5329157929795915,0.532916146995896
0.5329077662313104,0.5329081202091899
0.5328997401169359,0.5329000940517301
0.5328917146360519,0.5328920684869667
0.5328836897877697,0.5328840437707518
0.5328756655715926,0.5328760195192583
0.532867641986713,0.5328679959152877
0.5328596190323038,0.5328599729497022
0.5328515967079936,0.5328519507047903
0.5328435750128803,0.5328439290250646
0.5328355539463807,0.5328359078558487
0.5328275335075321,0.5328278874803087
0.532819513695948,0.5328198676609176
0.5328114945108334,0.532811848434275
0.5328034759515079,0.5328038299372969
0.532795458017474,0.5327958119234173
0.5327874407077671,0.5327877947306774
0.5327794240219375,0.5327797780208882
0.5327714079591348,0.5327717619038984
0.532763392518911,0.5327637464617988
0.5327553777004819,0.5327557317220022
0.5327473635031246,0.5327477175109441
0.532739349926613,0.5327397038469495
0.5327313369698329,0.532731690903534
0.5327233246325147,0.5327236785710963
0.5327153129137292,0.5327156669684254
0.5327073018128753,0.5327076558761699
0.5326992913294399,0.5326996453675296
0.5326912814627989,0.5326916353875805
0.5326832722123426,0.532683626109937
0.5326752635773525,0.5326756175438363
0.5326672555572086,0.5326676094516019
0.5326592481513985,0.5326596021348244
0.532651241359202,0.5326515953193763
0.532643235179933,0.5326435890966335
0.5326352296132411,0.5326355835945232
0.5326272246586854,0.532627578675932
0.5326192203152704,0.5326195743591848
0.5326112165824547,0.5326115705712303
0.5326032134598591,0.5326035675220858
0.532595210946684,0.5325955648920337
0.5325872090423702,0.532587562991803
0.532579207746344,0.5325795617116437
0.5325712070583608,0.5325715610881556
0.5325632069774638,0.5325635609476752
0.5325552075030834,0.5325555614730539
0.5325472086347094,0.5325475625910921
0.5325392103718241,0.5325395643658032
0.5325312127138878,0.5325315666418475
0.5325232156601675,0.5325235696019779
0.5325152192104528,0.5325155732644208
0.5325072233638848,0.532507577318546
0.5324992281201204,0.5324995820842209
0.5324912334783687,0.5324915873968195
0.5324832394381412,0.5324835933661425
0.5324752459989924,0.5324755998458393
0.5324672531602684,0.5324676071285128
0.532459260921688,0.5324596148393218
0.5324512692824204,0.5324516231703059
0.532443278242026,0.5324436322401557
0.5324352877998538,0.5324356418936304
0.5324272979556451,0.5324276519296028
0.5324193087085346,0.5324196628232809
0.5324113200582281,0.5324116739715301
0.5324033320043341,0.532403685940935
0.5323953445460559,0.5323956984665037
0.5323873576830116,0.5323877116212885
0.5323793714147329,0.5323797254694015
0.5323713857403511,0.5323717397639284
0.53236340065982,0.5323637546237082
0.5323554161722852,0.5323557702042305
0.5323474322775814,0.5323477862859931
0.532339448974976,0.5323398029970726
0.5323314662638909,0.5323318202916817
0.5323234841438806,0.5323238381698702
0.5323155026147243,0.5323158566224512
0.5323075216754203,0.5323078756860745
0.5322995413258272,0.532299895269265
0.532291561565382,0.5322919156005143
0.5322835823938386,0.5322839364148297
0.5322756038103726,0.5322759579131914
0.532267625814487,0.5322679798854821
0.5322596484057893,0.5322600024048534
0.5322516715839019,0.5322520255625338
0.532243695348147,0.5322440493312589
0.5322357196983651,0.5322360738297696
0.5322277446338299,0.5322280985553941
0.5322197701539224,0.5322201241113688
0.5322117962584559,0.532212150232602
0.5322038229469367,0.5322041770105699
0.5321958502187326,0.5321962042532822
0.5321878780733784,0.5321882320429783
0.5321799065106729,0.5321802605533741
0.5321719355300192,0.5321722895468396
0.5321639651308288,0.532164319123841
0.5321559953128974,0.5321563492569649
0.532148026075459,0.5321483800559632
0.5321400574182633,0.5321404114476357
0.5321320893407616,0.5321324433498422
0.5321241218426059,0.5321244757532968
0.532116154923427,0.5321165088225773
0.5321081885825224,0.5321085426034224
0.5321002228195072,0.5321005768033266
0.5320922576340545,0.5320926115959063
0.5320842930255969,0.5320846469264348
0.5320763289937175,0.5320766830872204
0.5320683655382017,0.5320687195300993
0.5320604026584816,0.5320607566113433
0.5320524403539707,0.5320527943218156
0.5320444786245567,0.5320448325976016
0.5320365174693209,0.5320368714204263
0.5320285568882683,0.5320289108816669
0.5320205968806486,0.5320209508077072
0.5320126374465446,0.5320129914634922
0.5320046785849608,0.5320050324560994
0.5319967202956841,0.531997074169413
0.5319887625784816,0.5319891165028685
0.5319808054327079,0.5319811594107285
0.5319728488577542,0.5319732027377009
0.531964892853597,0.531965246794469
0.531956937419714,0.5319572914165045
0.5319489825557645,0.531949336622182
0.5319410282611436,0.5319413822377361
0.5319330745356509,0.5319334286014125
0.531925121378635,0.5319254752562246
0.5319171687897495,0.5319175227413497
0.5319092167687163,0.5319095707826553
0.5319012653151922,0.5319016193344038
0.5318933144285524,0.531893668387507
0.5318853641083723,0.5318857181521829
0.5318774143545629,0.5318777682719109
0.5318694651663355,0.5318698192037276
0.5318615165434764,0.5318618705729359
0.5318535684857413,0.5318539223611612
0.5318456209925446,0.5318459749888401
0.5318376740634829,0.5318380280813739
0.5318297276984165,0.5318300816660771
0.5318217818968191,0.5318221358435152
0.5318138366580604,0.5318141905953632
0.5318058919820231,0.5318062459217204
0.5317979478682162,0.5317983017493859
0.5317900043163527,0.5317903583251293
0.5317820613260033,0.53178241536568
0.531774118896621,0.5317744728892149
0.5317661770280465,0.5317665309689847
0.5317582357199415,0.531758589696318
0.5317502949713224,0.531750648943237
0.5317423547828068,0.5317427086732399
0.5317344151533496,0.5317347691970117
0.5317264760827223,0.5317268300668013
0.5317185375706509,0.5317188915658804
0.5317105996168648,0.531710953547995
0.5317026622204967,0.5317030161684881
0.5316947253814848,0.5316950794456848
0.5316867890996415,0.531687142995798
0.5316788533743554,0.5316792073397318
0.5316709182055283,0.5316712721849287
0.5316629835923512,0.531663337632053
0.5316550495347028,0.5316554036170413
0.5316471160324008,0.5316474700028274
0.5316391830846223,0.5316395370544568
0.5316312506916434,0.5316316046440007
0.5316233188525832,0.5316236728628866
0.5316153875673857,0.5316157416379137
0.5316074568355348,0.5316078108045523
0.531599526656821,0.5315998805731205
0.5315915970306601,0.5315919509618942
0.5315836679567811,0.5315840218427959
0.5315757394349564,0.5315760933895431
0.5315678114647793,0.5315681654102424
0.531559884045957,0.5315602379597205
0.5315519571780033,0.5315523112024095
0.5315440308605012,0.5315443848368104
0.5315361050935367,0.5315364590273551
0.5315281798761681,0.5315285339112101
0.5315202552083571,0.5315206091593153
0.5315123310898052,0.5315126850184413
0.5315044075202863,0.5315047615251398
0.5314964844991716,0.5314968385331567
0.5314885620264356,0.5314889159694386
0.531480640101288,0.5314809940167426
0.531472718723709,0.5314730726019169
0.5314647978934223,0.5314651518529901
0.5314568776099229,0.5314572314865416
0.5314489578730606,0.5314493118773215
0.5314410386822016,0.5314413925776258
0.5314331200371865,0.5314334740533851
0.5314252019378399,0.5314255557654677
0.5314172843833529,0.5314176383262079
0.5314093673740635,0.5314097213243041
0.5314014509090406,0.5314018049973899
0.5313935349883983,0.5313938888793862
0.5313856196115451,0.5313859735552141
0.5313777047784214,0.5313780586683989
0.5313697904883624,0.5313701444930768
0.5313618767410502,0.5313622307186101
0.5313539635366925,0.5313543175186183
0.5313460508744243,0.5313464048017233
0.531338138754053,0.531338492750633
0.5313302271754234,0.5313305810912612
0.5313223161378982,0.5313226700155034
0.5313144056414727,0.5313147596330139
0.5313064956855567,0.5313068496513323
0.531298586270266,0.5312989401984383
0.5312906773948013,0.531291031374799
0.5312827690591113,0.53128312302517
0.5312748612628927,0.5312752152408313
0.5312669540058402,0.5312673079943696
0.5312590472874423,0.5312594012767461
0.531251141107418,0.531251495179241
0.5312432354658242,0.5312435894551814
0.5312353303620944,0.5312356843695163
0.531227425795702,0.5312277797943654
0.5312195217666605,0.5312198757571424
0.5312116182746125,0.5312119722578474
0.5312037153190897,0.5312040692964317
0.5311958128997524,0.5311961668363929
0.5311879110167036,0.5311882649690612
0.531180009669047,0.5311803636762596
0.5311721088571552,0.5311724628390971
0.5311642085803103,0.5311645625124013
0.5311563088382975,0.5311566628698909
0.5311484096307469,0.5311487636099177
0.5311405109573074,0.531140865015805
0.5311395236606453,0.5311398776674844
0.5311393958432358,0.5311397498841662
0.5311392349307829,0.5311395889921346
0.5311390323542815,0.5311393863738616
0.5311387773262148,0.5311391313372202
0.5311384562654486,0.5311388102295047
0.531138052075178,0.5311384061077745
0.5311375432318949,0.5311378973505841
0.5311369026392506,0.5311372566702524
0.5311360961860309,0.5311364501722983
0.5311350809291577,0.5311354348967061
0.5311338028093356,0.5311341567801702
0.5311321937715806,0.5311325477502422
0.5311301681443811,0.5311305221244503
0.5311276180810295,0.5311279720778933
0.5311244078201747,0.5311247618583942
0.5311203664667649,0.5311207204391133
0.5311152789028573,0.5311156328554856
0.5311088743536987,0.5311092283338958
0.5311008120024954,0.5311011660175398
0.5310906628929616,0.5310910169635196
0.5310778871707788,0.5310782412138256
0.5310618054692632,0.5310621594476397
0.5310415629397146,0.5310419169201208
0.5310160840644444,0.5310164381620477
0.5309840159065158,0.5309843699630779
0.5309436568952479,0.53094401094796
0.5309171719787164,0.5309175259616646
0.5308928675201647,0.5308932214306924
0.5308289584584043,0.5308293124391773
0.5307485505960685,0.5307489046159101
0.5306474001555981,0.5306477541866892
0.5305201806351911,0.5305205345708509
0.5303602115291212,0.5303605654667721
0.530159121789096,0.5301594757786241
0.5299064337938648,0.5299067878153144
0.529589051225568,0.5295894052494835
0.5291906319339889,0.5291909858881086
0.5286908248086801,0.5286911787814402
0.5280643482935472,0.5280647023011392
0.527279888039482,0.5272802420378963
0.5262987930435007,0.526299147164996
0.5250735544084225,0.5250739083757482
0.5235460595599071,0.5235464135615696
0.5216456282848518,0.5216459822189392
0.4743662989173426,0.47436665349870555
0.47068009928410914,0.4706804538656181
0.4631369814273728,0.46313733618711395
0.45675593823544186,0.4567562931489839
0.4530958952822226,0.45309625019870414
0.44681753953524433,0.44681789439812164
0.4415600485609025,0.44156040354586507
0.4390610685369236,0.43906142353820965
0.4321151230390249,0.43211547822565244
0.4216326186849082,0.42163297428302293
0.414847222321423,0.4148475780786593
0.4119541343035651,0.41195449002296197
0.4114599699583922,0.4114603257050564
0.4050847141711463,0.4050850700919725
0.3911337310173911,0.39113408731966615
0.39049110529993997,0.3904914616740903
0.38563114077735716,0.3856314972842365
0.38182636821133625,0.381826724782519
0.37112853159565745,0.37112888853030934
0.36597573480426915,0.36597609190136204
0.36203309489980395,0.3620334521283852
0.35143230417536775,0.35143266181973015
0.3511307580033796,0.35113111564505806
0.3486711379204239,0.3486714957057681
0.34127871791875103,0.34127907594836004
0.3320314714266437,0.3320318298887751
0.3198155949911144,0.31981595376043714
0.3175489411958072,0.3175493000825364
0.31637464732245973,0.316375006243011
0.31291209873549125,0.3129124578611137
0.31066515954242074,0.31066551874912485
0.29406042316635256,0.2940607832560634
0.29123598503312387,0.29123634522023145
0.28782435267448964,0.28782471308142826
0.27546310237572647,0.2754634632396122
0.27151774615659585,0.271518107355063
0.2715011943375792,0.27150155547941557
0.2658333756943654,0.2658337370901479
0.25710732828131766,0.25710769016582047
0.25509567573203945,0.25509603761299254
0.24013570961075706,0.2401360723918174
0.23898087202117158,0.23898123496616913
0.23112435210478022,0.23112471540880644
0.2237430675567025,0.22374343130367425
0.22156302472062833,0.221563388625287
0.2210720928132893,0.22107245669056938
0.21411005918831338,0.21411042351624182
0.203369927616239,0.20337029243988988
0.1893700965506369,0.18937046237899907
0.18772154086621354,0.18772190678667344
0.18715413654318977,0.18715450259217373
0.18586387060150913,0.18586423663610555
0.1741109189577147,0.1741112857174494
0.16854394756798602,0.16854431479248547
0.16093312516948505,0.16093349295887127
0.15179034815679673,0.15179071654644388
0.1514006882271283,0.15140105659289826
0.14612831169817064,0.14612868056763295
0.13442509786784473,0.13442546740001077
0.13370540440173684,0.1337057740587467
0.1224221479809759,0.12242251852552184
0.1176086294869176,0.11760900020323425
0.11538579201418499,0.11538616302276454
0.10599632079624409,0.10599669260770395
0.10125884889089304,0.10125922116778842
0.10094315688459417,0.10094352915585392
0.0844209489854799,0.08442132256111466
0.07784645475180964,0.07784682878348193
0.07776085415519352,0.07776122824233157
0.0684724486001915,0.06847282350492838
0.06803464554324617,0.06803502055871433
0.05460609361116346,0.05460646967381313
0.05177723427844261,0.05177761049564849
0.04895066577327921,0.04895104242462455
0.03906908113878024,0.03906945870206015
0.03564202946655777,0.03564240717864512
0.019622651831447135,0.019623031143915434
0.019513693264688013,0.019514072613246603
0.01203244289453465,0.012032822930626071
0.005996628711058212,0.005997009309902444
0.0037130098280623147,0.003713390567156768
